review	label
第一时间不接触热搜才接触？	1
像黑社会	1
教育辅助器材损坏，先行政罚款几百万再说。	1
发生这种事情，但凡有点良知的老师校长都会悲伤，但是校方的公告和回应都是冷冰冰，这种没人性的教育工作者搞教育是我们国家教育之耻！！	2
一问三不知语气里没有对逝去学生哪怕一丁点儿惋惜和抱歉媒体面前都这态度背后对家长的态度可见一斑	1
监控缺失就是心里有鬼！彻查！换家长公道！	2
现在你们不出来发声了吗？？？@共青团中央@紫光阁@中国政府网@国务院公报@光明日报@国台办发布@国务院公报@健康中国@科技日报@联合国@强国论坛@全国人大@人民日报@人民网@世界卫生组织@央视频@央视新闻@中国新闻社@中国政府网@中国青年报@中国之声@胡锡进@环球网监控	1
监控一删啥事没有这监控…	1
倒闭别办了	1
删监控就是有鬼	1
一问三不知，玛德	2
图片评论?评论配图	0
欲盖弥彰！如果人是自杀，按照正常逻辑，校方应该立即报警并通知家属，积极配合并做好自证自清安抚各方的工作。警方也应该积极调查取证，及时通知家属进展。可该事件家属却不是第一时间得到死讯，连死者面都没有见到。更不知道死亡时间、死亡原因…究竟要掩盖什么？为什么家属不能看到死者尸体？	3
背后真凶一定要下地狱	2
什么世道，人家的孩子都不让看么？天理何在？	3
学校出事了第一时间瞒报，糊弄家长，如何教书育人。	1
当事人的同学们，你们是不是被威胁了？不让上网说出真相，那就把真相打印出来贴满大街小巷的厕所里，没监控的地方！！！让全国人民都知道！	3
一问三不知	1
最后应该就是赔偿了事	1
学校遮遮掩掩的干嘛啊。真的好难理解，如果学校有责任你认为遮遮掩掩能逃掉吗，如果学校没有责任那又何必遮遮掩掩。	1
这学校的所作所为真的让人匪夷所思，冷血	1
监控永远在关键时刻坏，我真呵呵了…	1
#成都四十九中回应学生在校高坠离世#无论是何种原因、责任在谁，都应快速高效的将实际情况公之于众。在此之前有案例，公众未必会将矛盾对准学校。但如此简单粗暴的处理和回应方式，态度就让人难以接受，没有同理心。	1
透明啊，什么时候才能透明	1
什么都不知道你们到底知道个什么啊？！	2
真的讽刺，一个教书育人的学校整的跟个黑社会一样，现在扫黑除恶这么大力度，居然有条漏网之鱼在学校里	1
家长就在门口呢，你倒是赶紧接触啊	1
监控又坏了	0
监控会不会完整呢？若不完整就有很大问题！	1
孩子出事，学校单方面瞒着第一时间送去殡仪馆？学校有什么权利不让家长进校门见孩子？不让家长了解孩子出事的原因？学校还把监控视频删掉了？还态度蛮横说舆论和法律都不怕？回到古代了？恶霸横行天下？没钱没权人死了连申冤的地方都没有？	3
监控总是坏得这么及时？？	1
呵呵又是监控…这种学校最好哪一天校领导的孩子也这样死了	2
感觉大家有太多情绪需要发泄了...！！至少有个合理的解释！	1
什么世道……	3
本应教书育人的地方，却让学子看到最丧尽天良的一面	1
为什么关键时刻监控总是会坏	1
“我不知道啊我不知道啊我不知道啊”，混账东西	2
这件事太恶劣了，我想起来水浒传的武大郎！	2
2021年了，我在小说里都没看到过毁尸灭迹能做的如此理直气壮的。毁尸：没有经过监护人的同意，将被监护人直接拉入殡仪馆火化。灭迹：监控系统“选择性”丢失数据。在社会主义国家的法治社会，光明正大理直气壮地干着毁尸灭迹勾当的学校啊，牛逼的黑社会学校	2
希望凤凰一定要跟住此事！！	0
照你这么讲，每次出事买热搜算了	0
深表痛心就是家长也不告诉，不抢救直接拉火葬场烧了？牛逼	1
为凤凰网点赞?	0
领狗粮的叛国者毫无人性跟风被带节奏者愚蠢至极海浪退却真相揭露之时，是否还有人在意？他们只想看你剥开自己肚子，你吃了几碗粉重要吗？唯留下那一个个在阴暗角落里狞笑着嘴角含血的脸。靠出卖祖国换取的狗粮，即使带血却依旧香甜	2
相关责任人请重判，不然谁还敢生孩子？好好看看出生律	1
不是特别懂，但学校发生了这样的事，是不是应该第一时间报警处理，通知父母。	0
又是哪家的公子少爷惹事了？学校在帮着擦屁股呢	0
就是明着这么告诉你了，怎么样吧。。。有人性就应该第一时间通知，而不是隐瞒，看看动物园，其实。。基本都是第一时间隐瞒想对策，哪里都是。。大事小事都是。。这个只能自己想了，意外？校暴？师生矛盾？。。	1
成都49中孩子出事，家长连最后一面都没见上。学校单方面瞒着第一时间送去火化了，还有人性吗？学校有什么权利不让家长见孩子？不让家长了解孩子出事的原因？学校还把监控视频删掉了！学校不道歉不回应还态度蛮横说舆论和法律都不怕。回到古代了？恶霸横行天下？没钱没权人死了连申冤的地方都没有。	2
当初的监控招标怎么搞的？当时花了多少钱	0
转发即正义	0
???	0
没经过家属同意就火化，这么着急吗？都不让孩子家长看孩子最后一眼？	1
很离谱，谁都有子女亲戚小孩上学，将心比心，如果这种事情发生在自己身上，叫天天不应，又该怎么办？现在案件都需要微博逼着办案，法律的公正性何在	3
热搜治国，看看这个热搜待几天，看看这个学校里隐藏了多大的势力？	1
又是监控坏了！现在一家一个孩子，最多两个，可以说是整个大家庭最重要的人，有没有可能教育改革，把监控也管起来，定期备份在教育局，或者异地备份，家长有权利随时确定学校监控的好坏	1
媒体一定要帮帮他！！！	0
用户还不在了。。。这有点可怕！	3
和家长接触？？学校压不住社会舆论了吗？？	1
中国特色，能蛮尽量蛮住	3
！讨个公道！	2
在门口多久了？现在舆论上来才接触，接你mlb	2
我希望明天热搜出现真相以及49中的校领导的公开道歉和处罚通知！谢谢！?	0
校长政治生涯已完蛋	1
成都49中	0
因为疫情的原因…我为我的国家为我的祖国骄傲着…可是看到网上一些新闻我又怀疑…这是否是在同一个国家	1
以后我有孩子了我就天天给他带个执法仪	0
教书育人的地方把孩子母亲拒之门外？	1
把全国的监控全拆了吧，反正一出事就坏也没什么用	0
韩剧里的监控缺失的桥段竟然生活中也存在鬼扯！	2
当天拒绝家长入校，不让看监控，第二天查看偏偏就事发时段监控出了问题？到底是想掩盖什么？	3
校长是哪个？	0
你为啥啥都是不知道不知道	1
！！！！！！！！！！！！！	2
每个孩子都是独一无二的，学校这种操作成了常态，一旦这个家长没了希望，到时候报复社会，做出什么离谱的事也不是没有可能	1
摆明了有鬼，谁知道是不是被哪个有背景的恶少扔下去的	3
希望家人用录音设备录下校方的每一次回复	0
请bbc来，又是黑料	0
回复@Lashu-的表态:这种垃圾学校，去读的学校少了，就没有什么生源，慢慢被遗忘了2	1
一定要严查，孩子太可怜了！！！	2
一个活生生的生命就这么蹊跷的没了，连家长都不给见就火化了？这不是明摆着有黑幕、此地无银三百两是什么？	3
我翻开历史一查，这历史没有年代。歪歪斜斜的每页上都写着“仁义道德”几个字，我横竖睡不着，仔细看了半夜，才从字缝里看出来，满本上都写着两个字“吃人"！	3
家属微博没了	0
为何家长微博销号	0
妈妈的账号已经不存在了，什么情况	0
搜索不到这个人生就像泡沫了你们能吗	0
太恐怖了	3
法制社会哎。。。	3
天呐，他妈妈号没了吗？怎么看不到内容了	1
什么鬼	1
回复@Lashu-的表态:隐瞒就是欺骗，欺骗就是伤害，伤害就是要命@人生就像泡沫	2
这一次热搜没有消失，希望公共媒体能站在相对弱势受害者一方，给家属一个交待……	1
转发微博	0
好想唱国歌	0
人生就像泡沫	1
这种校长领导怎么能教好学生，怎配人师	1
受伤的总是社会底层的朴实公民	1
以公开促公正，以公正促和谐	0
求真求实，家长多么心痛，他只想要真相啊！	1
你终于发生了	0
请评论不要上升gj。这种事全世界都在发生，不是某个gj和地区的问题，现在希望zf能看到群众的发声，我们痛恨我们无奈我们抗争，但是我们无可奈何，只希望悲剧不再发生，希望我们和身边的人都不会发生这种悲剧。	3
求真求实，至善至美多么讽刺！！	2
出了事不第一时间通知家长就很迷。发的公告连监控有没有都不提。	1
先把监控删了，同学们控制了，再把他们放进来	1
期待真相和公道	0
监控特么如同虚设	2
官官……～	1
什么都不知道	0
像这种情况，能调查出什么	0
你什么都不知道这是沟通吗	0
老百姓就像蝼蚁，随便可以踩死	3
求真相	0
呼吁希望大家不要读这个垃圾学校	1
凤凰网啥背景啊？怎么敢报道这事儿	0
等待真相，等待正义	0
杀人毁尸灭迹	1
烂透了	1
这样的学校还教书育人？太过分了	2
孩子妈妈的微博被成都官方和微博官方控制起来了，她本人登不上去了，望周知	1
…无法用语言描述	0
等后续	0
#成都高二学生坠亡校方回应#请给孩子父母一个交待；人命关天，必须给予真相	0
希望能还人民一个公道	0
生气到睡不着觉，真是被这帮混蛋气死	2
校长主任先关起来	0
不知道	0
感谢有大媒体去关注追踪此事	0
呼吁彻查	0
还不铲平这个学校留着过年啊！	2
笑死一问三不知真的不知道吗否定的也太快了吧	1
成都49中必须给家和公众一个交代，该承担责任的要承担责任?	1
严查！还人民一个公道！	2
凤凰网牛逼	0
什么学校！啥都不知道关了吧…还学校	2
把校长以包庇罪抓起来审判！	2
就TM离谱	1
17岁，一个鲜活的生命，在母亲节消散…所有热评都被禁止点赞了，有的热评也都删除了，这个世界到底是怎么了？	3
绝了，这个什么都不知道	1
可怜的娃	1
动用资本的力量搞定一切	0
司马领导祝愿你们和家人一起被泥头车撞上天	2
怀疑尸体已经被处理了	0
新闻正义	0
监控关键时刻就坏	0
学校做个人吧呵呵	1
都说扫黑除恶，法治社会，学校以人为本，简直就是在打脸	1
涉案人员背后有权贵，所以监控坏了，一般都是这套路。	0
老百姓太难了	3
监控不背锅	0
黑色会都怕饭碗掉了	0
这个学校什么都不知道难道是白痴？	2
这是教书育人的地方？真令人寒心！	2
关键时刻就没监控？校方态度冷冰冰，还能不能有点人性	1
可怜的父母，学校把监控都毁了可怕	1
@人民日报@紫光阁	0
告学校杀害。	1
扫黑除恶有盲区	0
感觉热搜已经是普通人的最好求助的地方了	0
一个家长把孩子培养到高三要付出好多心血啊	0
太绝望了	1
这种回答敷衍了事的	1
到底有什么隐情？	0
永远不要与公家作对，在我国官阶与普通百姓有的只是“命令”与“服从”	3
那到底有没有见到孩子遗体	0
感觉要炸两个学校才能引起重视	1
学校牛逼	1
真是无法无天！	2
年久失修，心都是坏的？	1
建议监控坏掉重罚往死了罚	1
监控这么容易坏噢。	1
请查出真相	0
学校是不是有病？事情怎么样就怎么样，遮遮掩掩的影响更坏。	1
监控在你需要他的时候总是会丢失。。。	1
监控坏了！多么熟悉的字眼！还能有别的借口吗？	1
凤凰来晚了	0
几个小时后才联系家属？	0
希望严查	0
悲痛	1
原以为豹子是豹子，人是人。可是这两件一起发生了，不由得怀疑，或许豹子不只是豹子，人也不只是人。	1
学校的声明像放屁一样，高空坠落，如果只是简单的高空坠落为什么家长不能见孩子，为什么监控每次到了关键时候就缺失，既然这样还要监控干嘛？摆设吗？这个社会真是一塌糊涂，黑暗的不要不要的！说什么人民当家作主，可是每次一到关键时刻，人民个个都是弱势群体！这个妈妈该有多无助！唉……	3
心疼	1
求助各位大神调查并公布真实情况，还这位妈妈自己他的家人一个真相，谢谢?@人民日报@紫光阁@头条新闻@人民日报@紫光阁@头条新闻@人民日报@紫光阁@头条新闻@人民日报@紫光阁@头条新闻@人民日报@紫光阁@头条新闻@人民日报@紫光阁@头条新闻	0
太痛心了！求公道	1
一问三不知，要他何用，这人是个摆设？	1
@共青团中央@紫光阁@中国政府网@国务院公报@光明日报@国台办发布@国务院公报@健康中国@科技日报@联合国@强国论坛@全国人大@人民日报@人民网@世界卫生组织@央视频@央视新闻@中国新闻社@中国政府网@中国青年报@中国之声@胡锡进@环球网监控	0
@共青团中央@紫光阁@中国政府网@国务院公报@光明日报@国台办发布@国务院公报@健康中国@科技日报@联合国@强国论坛@全国人大@人民日报@人民网@世界卫生组织@央视频@央视新闻@中国新闻社@中国政府网@中国青年报@中国之声@胡锡进@环球网。	0
凭什么擅自送殡仪馆？	2
时间、地点、人物，事情的起因、经过和结果！这都是老师教我们的！你们公然背叛？真相是啥！欲盖弥彰！滑天下之大稽！实在是可气！可笑！可耻！可恨！	2
这种学校的家长该多寒心。。雪崩时没有一片雪花是无辜的。	1
这么大个“教书育人”的学校，到底在隐瞒什么真相？？？对学校来说，只是少了一个学生；可对一位母亲来说，却是丢了半条命！！！这样也不配知道真相吗？	2
他全都不知道服了	1
什么都是我不知道？？	1
水太深黑社会吗	1
教书育人这学校赶紧炸了吧	1
一问三不知？？？	1
学校每逢发生一些事都是先想着脸面，还有啥脸面？	1
就是非要上舆论了，才能让你们出现与家长沟通是吗!这么大的事一个教书育人的地方先选择逃避，真的搞不懂了。	1
没有记者采访一下家长吗	0
那个姓万的教师，要严查	0
希望学校还原事情真相让事件不要复杂化引起社会舆论压力	0
必须调查清楚	0
号没了	0
还是教书育人的地方，学校的领导管理人员，这种办事方式，怎么能教好学生	1
这位妈妈的微博用户不存在了？？	1
微博被封了？	1
为什么孩子妈妈的微博号已被注销……我们要一个真相就这么难吗	3
成都四十九中！！!骇人听闻的学校！！	1
学校没有心吗看人家父母多可怜多心疼啊良心被狗吃了吗	2
卧槽？死者妈妈微博被注销了？	1
用户不存在了	0
林妈妈的微博已经被注销了	0
新浪牛笔，把人家的号直接封了	2
接触个屁！	2
家长微博没有了	0
天呢好像家属的微博号被封了？	1
公检法公信力何在，为什么没有一个知情人，傻子都能看出来的，你们装看不见。	3
学校明显的有问题	1
你不转我不转轮到自己没人管	3
薛定谔的监控???	1
这就是法治社会真好	0
“你不管我不管轮到自己没人管”//@山有鸣:#成都49中#致相关事件知情人：今天你不为他发声，明天惨剧发生在自己身上，也不会有人为你发声！???	3
水很深啊	0
@环球时报@环球时报@环球时报快来曝光关注??	0
#成都49中#看得我好气//@人在江湖54321:同意。声音虽小积小成大，社会事件人人有责！//@山有鸣:#成都49中#致相关事件知情人：今天你不为他发声，明天惨剧发生在自己身上，也不会有人为你发声！???	2
这是什么鬼学校，什么都不知道	1
早干啥去了？！现在接触？监控数据毁的没了吧？！！	2
武汉的雨再大，也没有成都的天黑	0
当别人都是傻的？	1
态度傲慢什么都不知道接受什么采访？？	2
监控缺失？？？	1
希望相关部门好好处理！	0
请顶上去！！！！！！	0
学校有什么权利处理遗体？交出监控让家长认领遗体！	1
不是说考试吗老师经常看监控看学生咋就缺失了出事监控记录呢？	1
监控永远在掉链子	0
接触还是威胁	0
希望校长及相关人员世代不孕不育儿孙满堂	1
教育辅助器材损坏，应该先行政罚款几百万，校长及相关领导追责。	1
“坚持以人民为中心，实事求是”“人民是国家的主人”如今！权利至上！	0
监控发生命案必坏	0
家长太可怜，学校真无人性	1
接触等于施压！！！！	1
现在问什么都是我不知道是吗？我不知道这个不知道后面到底有多少知道，我们看到的世界极其美好，但是有多少地方在腐烂发愁！！！！	2
关注真相	0
真想念那个革命的年代，处处都有发声，人人都有良心	1
就会欺负弱势群体？？	2
一直说我不知道我不知道就是心中有鬼啦	1
孩子都走了，一对父母只想要一个真相，就这么难，为什么	1
为什么不第一时间通知家长？哪来的权利处理尸体，好巧不巧监控没了，需要这么心虚吗	1
最大的黑社会组织就是学校吧，操场埋尸十几年，各种系统性包庇纵容违法犯罪，欺压学生和家长。。。这次学校居然有权力不让母亲见儿子、删监控、遣散学生、控制平台、控制新闻机构，黑社会都没有这种手段和排场，没有报应恐怕不行吧？！	1
太，难过了	1
就这种学校，以后还会有学生愿意去？	1
可以联系殡仪馆火化了这个小孩子的人，他是最后一个见了这个小孩的人！！！！！！	0
这位母亲在母亲节当天失去了做母亲的资格她冷静地等待说法等到殡仪馆的通知等到监控的缺失	1
就我不知道我不知道的明显有鬼	1
扫黑除恶没扫到成都吗	0
这样拒家长而不离，那校方通报所谓的“善后”是什么呢？	0
这是学校还是黑社会？只手遮天？事发几个小时才通知家属，不让母亲看孩，唯独那一段监控缺失？没有监护人同意还直接拉去殡仪馆？还威胁学生多嘴的人成都教育系统有人查的到，以后不能高考？哇，官官相护啊？不会警厅也有人吧？不怕法律法规？今年这不彻查？@共青团中央	2
需要真相！	0
引用楼下一句话：你我皆蝼蚁，帮人便是帮自己	3
第一时间阻挠家属，然后关键监控缺失。换我的话不论后面官方通报什么情况我都不会信，就因为阻挠，我会让学校负责这件事的人全部偿命，不需要“法律”“机关”帮我，不管他们是好是坏有没有关系，都别想跑。只有一件事做的人，有的是时间机会，然后“法律”“机关”来找我为他们讨回公道。	1
怎么都觉得这学校有问题。孩子的父母没有第一时间到现场看到孩子的尸体，也没有看监控录像的权利。为了看孩子最后一面还要可怜兮兮的在学校门口等啊等。这做法怎么都不像正常的事。孩子怎么会毫无征兆的跳楼？看着新闻孩子父母不是说孩子还打过电话回家祝母亲节快乐，还表示回家的吗？一堆疑点重重	1
发现热搜降不了才开始接触么	0
科普一下成都是个什么地方，是一个有成都大学党委书记在朋友圈留遗言而溺水自尽的天腐之国	1
学校有问题	1
学校已经想好对策，就是啥都不知道嘛现在还有安全的地方了吗	0
赶快找到真相，给孩子父母一个交代	0
已经宣布了?评论配图	0
那个受电话采访的老师说话也断断续续的我不知不知道心里心虚了估计被警告过如果说了啥你就完了的这种他一开始还好等记者连续问了他紧张了	0
荒谬至极的学校	1
？？？?评论配图	1
从教二十多年的化学老师曹利莎应该看得出来是哪个吧……?评论配图	0
从教二十多年的…………?评论配图	0
希望你们能持续关注这件事！还孩子一个公道！给大众一个真相！为什么学生出事以后学校没有立刻通知家长？如学校所说六点四十坠楼，立刻拨打120，为什么救护车八点三十才到！49中在成都市内附近就有医院！最后为什么学校9点多才通知死者父母！出事那一段时间的监控没有了，能不能修复！	2
希望查明真相不要寒了人民的心	1
求一个真相	0
这可是中国政府一直宣扬最重视的“生命权”啊	0
现在这个社会已经变态了	1
呵呵这就是现在的所谓新中国	1
太奇怪了吧！？？？	0
只感觉这个学校很黑暗	1
@共青团中央@紫光阁@中国政府网@国务院公报@光明日报@国台办发布@国务院公报@健康中国@科技日报@联合国@强国论坛@全国人大@人民日报@人民网@世界卫生组织@央视频请不要让人民对中国教育失望@央视新闻@中国新闻社@中国政府网@中国青年报@中国之声@胡锡进@环球网监控	1
啥都不知道.	0
学校绝对有问题	1
别人有背景，他只有背影	0
继续带节奏啊，人血馒头好吃吗？	1
我一直都认为现在我们国家已经很棒了，但是面对平凡普通群众人民的时候确实那么无能！！好吧，愿这位学生黄泉路上一路安好！！头七了记得回来找害你的人报仇！！不为别的，为了你们父母。你要回来。记得	3
这学校领导的心是肉长的吗？	1
现实版扫黑	0
这个家长的微博被删了？	0
这怎么改名了，也不在热搜榜上了，事情到现在也没个结果，这是打算随便糊弄糊弄过去了吗	1
建议家长找私家侦探自己调查	0
孩子妈妈，人生就像泡沫这个微博号，居然凭空消失了	0
微博都注销了	0
在中国，从来不乏为人请命的人，也不乏那些真正赤胆忠心人，更不乏那些无所畏惧的人，有时候，有些路必定难走，必然荆棘丛生，可是只要心里有光，那么我们就要坚持走下去，因为天总会亮起来的，这就是我们所有人心目中的最后的希望，有了希望，有了光，这个世界才会有更好的明天，难道不是吗？	3
想问问林X麒是韭菜苗子还是镰刀坯子？	0
现在家长认同了政府的公告，你们看了完整视频吗？出来说句话，让大家了解真相啊	0
学校当权者不会怕一个底层家长，因为他们知道这些家长奈何不了他们，他们有恃无恐，赤裸裸的蔑视没有社会地位的学生家长。这种现象必须要改变！但是，方法在哪里呢！？	3
持续关注后续报道！	0
家长账号被封啦	0
理性看待，用辩证法思维分析问题这一定是西方帝国主义邪恶实力的渗透，其心可诛。	1
交管监控从来不坏，建议普及	0
官官相护，官大一级压死人。监控视频去哪了？？班主任为什么消失？	1
公布监控公布监控公布监控重要的事说三遍	0
心里有鬼	1
学校监控为什么没有实时上传到教育局	0
好家伙人家妈妈微博号直接没了，渣浪?啊	2
学校是国假的，警茶局是国假的，国假是高端牲口们的，我们是底端人口……比他娘的恶元贱清都不如	3
为什么家长的微博（人生就像泡沫）搜不到了，没有此用户――这都给删了。真是没有天理！！！人生就像泡沫人生就像泡沫人生就像泡沫人生就像泡沫人生就像泡沫人生就像泡沫人生就像泡沫人生就像泡沫人生就像泡沫人生就像泡沫人生就像泡沫人生就像泡沫人生就像泡沫	2
还社会一个真相！！！！	2
1、5月9日晚坠楼，第二天早上死者父亲就到学校看了监控。其母没去，其所谓视频“独缺一段”说法成疑；――“我问她，你孩子是怎么死的，你到底看到没？她说孩子是自己跳楼的，从教室冲到过道。”2、遗体根本没有火化，这是纯粹的造谣；3、她说学校不让进，其实副校长和校长都接待了她	0
哇哦，账号都给人家封了。。。四川官威好胜哦！	2
为什么那个妈妈的微博没有了	0
孩子爸爸当天就看到了监控视频，有孩子跳楼的场景，没有缺失。	0
坚决支持彻查真相！	0
孩子妈妈的微博账号怎么没了？？？	1
转于某平台：家里有人在成都教育系统工作...现在啥都不敢乱说，只能说好像是孩子惹到啥人了......网警会爬线查.......这几年成都的学校出了很多事，成大书记，川师教授，石室梁岗，还有好几起校园暴力事件压热度和请喝茶现在是越来越熟练.......(死者母亲)的微博已经被警方和新浪控制无法登录	1
孩子妈妈微博已经不存在	0
此用户不见了官方这么暴力么	1
监控坏跟精神病都成了万年借口了	1
持续关注，保持热度，一定要还公平正义。	0
这种学校赶紧倒闭吧	1
能不能换个借口？好像很多新闻都是监控缺失删除故障	1
事发时的监控为何总是缺失？	1
监控选择性坏掉，这是它们惯用的伎俩，彻查真相！！	1
叹气了，太惨了，继续查下去吧	1
中国完了	3
监控总是在需要它的时候出问题	1
连央媒都发声了，系个人原因…	0
判处成都四十九中从此关校，不配教学育人；判处成都警方相关办事人员停职，不配办案。可以吗，也行，反正没啥证据，也没有视频可看，你说判决就判决吧#成都四十九中回应学生在校高坠离世#	1
家长已经和谐了，看不到微博了	0
不知真相，但是希望热度不要下去，还受害者家属一个真相	0
每次尼玛的搞得云里雾里晕头转向，最后不了了之，被媒体耍的团团转，	2
喜欢曾经的凤凰视频，敢报道也敢为老百姓发声，民心民声真实，社会需要正义之声	0
关注一下那个家长的微博，你艾特的微博竟然没有了	0
那个家长的微博竟然没有了？？？	1
真相会被吃掉吗？	1
“@人生就像泡沫”为什么被封了？?评论配图	1
心痛！气愤！！！	2
用户不存在了？？？？	1
毕竟一百华诞稳定压倒一切	0
今天你不为他发声，明天惨剧发生在自己身上，也不会有人为你发声！???！！	3
为什么号没了	0
我刚刚看到有网友说死者妈妈的微博被注销了！这估计是真的，因为我刚刚搜死者妈妈的微博没有搜到。现在校方的势力真的大的吗？还真是大到让我有点害怕啊?	3
“人生就像泡沫”是这名坠楼学生的家长吗？怎么查不到她了？	1
哇塞太hei了死者妈妈微博没了?评论配图	1
孩子妈妈的微博已经看不到了	0
为什么男孩母亲微博账户不存在了呢	0
孩子妈妈微博怎么被封了吗？	1
不信谣不传谣，没有火化，监控没有坏，带着脑子看事情吧大家，别被人当枪使了	0
人生就像泡沫，的微博账号咋关了？	0
阿姨的帐户为什么没有了.	1
真相只有一个！	0
我去，人生就像泡沫的微博账号不存在了	1
这位妈妈的微博号已经被炸了	0
家长账号居然被封了，神的很	1
监控缺失是基本操作，呵呵	1
直接删监控火化尸体，这里面绝对有鬼	1
什么情况死者母亲微博不存在了？？？？恐怖	1
家长微博都搜不到了……心寒	1
这位妈妈的微博号被封了	0
#人生就像泡沫#微博名字改成了#四十九中林同学妈妈#不知本人改的还是怎样，但有人不知道可能误传被销号。	0
明目张胆地删视频，谁指使的？抓！杀！	2
家长的用户不存在是什么意思????????迷惑死了！！	2
坠亡者母亲微博已经不存在了	0
又封号呵	1
他妈妈用户不存在了？？	1
成都上次那个书记白死。可见成都教育系统多么黑暗和千疮百孔	1
搞坏监控的，删监控的就不怕报应，这样的事都做得出，良心过得去吗？不怕半夜下地狱？？	2
我的天用户不存在了	1
可怕已经用户不存在了渣浪	1
没有一点做为，黑社会无疑	1
他母亲的微博已经被“不存在”了	0
怎么哪位妈妈的用户都不存在了？？	1
如果学生家长觉得活着没什么意思了那就去蹲学校老师和校长吧杀一个是一个缺失公义的社会需要恐怖主义来纠正	2
孩子母亲微博已经被注销了？？？	1
家长微博都已经没了！	1
?查看图片//@庄舄越呤:监控又坏了。还不第一时间告诉家属，丧尽天良	1
用户不存在了？	1
什么用户不存在	0
这个事情太可怕	1
这个妈妈的号被炸了	0
…这号封的也太快了吧	1
妈妈账号被封了？	1
要查清问题，不能一出问题就说监控坏了，监控坏了说明很有问题，另外说的报警和通知家长不及时是个什么情况	0
把人微博都给清除了？	0
这个母亲的微博呢？注销了为什么	0
用户不存在	0
监控肯定有问题，教育局包庇学校，学校包庇老师	1
信息时代居然还能玩不毁shi但“灭迹”这招？那请问能不能找到互联网大神快速恢复数据啊	1
巧了，竟然无现场	0
接触你妈	2
人生就像泡沫被注销了，下午看的时候还在呢	0
为什么阿姨的账户都没有了	0
用户不存在？	0
愚蠢的校长，办愚蠢的事！	2
孩子妈妈的微博被清空了	0
死者母亲的微博已经被注销，已经不存在了	0
家长用户都不在了，真牛批	2
拜登的3亿美金花到位了	0
让子弹飞一会儿	0
然后现在这个想讨回公道的母亲微博被封了	0
回复@人在江湖54321:邪教徒都能进教育部编写教材，甚至把邪教写进小学生教材，烂在根上出这些玩意不奇怪	1
“他们”都是一伙的，刚看完《巡回检查组》，改编自《人民的正义》，我觉得这剧本质上和《刘老根》没有任何区别，都是人间喜剧	0
微博呢	0
“心急如焚的我们也第一时间求助了各路媒体，大家大致听了一下事件都表示无能为力不敢发声甚至有媒体表示背后的水太深叫我们别白费力气”所以每次看到那种砍死欺负人的垃圾我一点都不奇怪	1
为什么人生就像泡沫用户不存在	0
人生就像泡沫微博账户现在是空的，怎么回事啊	0
牛逼，家长的微博都被封了	2
可怜的孩子[流泪][流泪][流泪][流泪][流泪]求真相给全面的监控	1
嗯？？？？为何阿姨的微博点进去没有了？？？？？	1
为什么这个微博用户搜不到了？@人生就像泡沫	1
我去，妈妈的微博已经显示不存在啦	1
咋把人妈妈微博封了还没事还没事	0
家长微博都被封了，这还有天理么	2
垃圾学校花钱买来的监控当摆设	1
家属没同意就着急火化干什么？要求公开调查过程	1
微博都已经没啦？	1
@人生就像泡沫账号为什么没了	0
为什么母亲微博用户不存在?	1
回复@庄舄越呤:这个监控坏的真是时候，可笑吧！那个阴暗人，你晚上不怕吗？你的良心不会痛吗？	1
一问三不知，那就拉出去毙了，中国不缺的就是人，而且是垃圾人	2
据说是被老师推下去的。真的丧尽天良。	1
这个妈妈的微博没有了	0
本人微博怎么不见了，为什么显示用户不存在	0
为什么这个妈妈的微博被注销了？	1
好黑暗！学校本事真的大	3
我就不信没有一个人敢出来说真话！！！	2
监控坏了。能不能有点别的说辞不彻查真的会激起民愤的	0
事出反常必有妖	1
那位母亲的微博现在显示“该用户不存在”	0
#成都高二学生坠亡校方回应#我们知道他们在说谎，他们也知道他们在说谎，他们知道我们知道他们在说谎，我们知道他们知道我们知道他们在说谎，然而他们依然在说谎	1
真黑暗啊，美国的恶性好歹公诸于世，而他只会一味地掩埋，没办法，几千年的传统就是这样，再强大的朝代都有数不胜数的贪官黑暗。瞅瞅出的这些个事吧，哪一回不是掩盖真相欺骗人民，老百姓在政府面前可以说是毫无人权。	3
我们知道他们在说谎，他们也知道他们在说谎，他们知道我们知道他们在说谎，我们知道他们知道我们知道他们在说谎，然而他们依然在说谎	1
学生妈妈的微博都被和谐了吗	0
干嘛删我评论	0
卧槽居然删我评论这个母亲的微博也不存在了	1
全面处理善后事宜就是处理孩子他妈	1
孩子妈妈被封号了吗	0
死者妈妈号没了	0
我去这个母亲的微博不存在了	1
微博找不到了	0
孩子妈妈微博为什么被删了？	0
太可怕了，林妈妈的微博显示用户不存在	1
用户不存在！！	1
这个母亲的微博为什么被封了，这个点打开是用户不存在。太过分了。	2
账号被封了吗她	0
妈妈的账号没了	0
点进去，号没了，输了	1
妈妈的微博号没了？	1
这个妈妈的微博咋没有了	0
人生就像泡沫微博疯了吗？最后连发生的渠道都被堵死……	1
为什么看不到家长的微博了？	1
把人家微博号都注销了	0
为什么学生母亲的账号注销了？？？？	1
可怜的孩子希望能还原真相	1
这个母亲微博看不了了	0
这个高人估计有点高，受害只有默默承受？？？	1
11日凌晨三点发了通告，系学生个人轻生行为。真的辛苦了，追着撵着来侮辱我们的智商。网传是因为当事学生占用了本校一名化学老师子女的出国名额，暂时不知真假。	2
如果见不到尸体，那就太恐怖了，让人联想到器管买卖	1
妙啊，直接搜不到用户了	0
那个家长的微博被封了吗？	1
当事人微博没有了？果然还是解决提出问题的人最有效。设身处地，万一出事的是自己的孩子，该怎么办，顿感无力	3
？当事人妈妈的微博怎么没了？	1
家长的帐号没了！！用户不存在了！！	2
家长微博都被河蟹了	0
受害者母亲微博被注销？马的	2
卧槽，人家微博也没了？	1
阿姨的id搜不到了，显示用户不存在	0
这个阿姨对微博查不到了，新浪就是这样的吗？	1
把人家屏蔽了有用？	1
人生就像泡沫微博都被封了	0
就在刚刚男孩子的妈妈的微博被注销了只手遮天无法无天？我快被气死了	2
微博被屏蔽了，没了	0
天呐，账号都封了	1
这位妈妈的微博号也被注销了	0
为什么显示用户不存在，@人生就像泡沫	0
z*特色，一出事就gg相互，监控坏了，真牛	1
回答竟然都是我不知道我不知道，不负责任！	2
人家妈妈的微博号这么快就给整没了？人还在不，是不是也给整死了	1
林母的微博账号怎么不存在了？	1
用户不存在？？	1
学校是修罗场吗	1
用户不存在？？？！	1
为什么要注销别人账号？	1
为什么不让人说话？	1
还具体情况不清楚？呵呵	1
家长微博已经没了	0
妈妈的账号被封了	0
微博没有了？？？	1
妈妈的账号不存在了	0
我的天，这也能被销号？？？？？人间正道是沧桑！！！！	2
发布者呢？	0
被炸号了	0
妈妈的微博怎么没有了	0
？？？？?评论配图	1
你不管我不管轮到自己没人管	3
不要让人民感觉跟黑社会一样，活鲜生命没了就好像碾死一只蚂蚁，需要监控的时候监控总是坏的那么及时。	3
阿姨微博没有了，后台不是一般的大?评论配图	3
#成都四十九中回应学生在校高坠离世#为啥母亲的微博找不到了？被封了？	1
这位妈妈的微博也被封了吗	0
公开！！！	0
阿姨的微博没了	0
绝对是跟网上说的一样，校方真的有手段，控制学生不开口，现在还把人家母亲的账号注销了。。。。nb	1
希望正义会到来，揭露他们的恶行。	0
垃圾学校赶紧倒闭吧，不要再祸害孩子了	1
受害者母亲的微博呢	0
这个微博都没了	0
微博账号都被关了，新浪要为虎作伥吗	1
妈妈的微博没有了？	1
用户不存在，真恐怖，社会还是人民的社会吗	3
删除监控？心里有鬼才会这样，希望彻查，换家长公道。	1
那个妈妈的微博已经被封，言论都被清空，这世道，真的是	3
可怕啊当事人妈妈的微博不存在了！	1
这个家属朋友的微博都没了？	1
现在这位母亲的账号也没了？？？a	1
我怎么想，都想不明白，如果是自杀，为什么要三缄其口，为什么监控丢失，为什么不给看尸体，为什么不可以和老师交流，为什么一问三不知？？？如果一所学校都可以这样，请问，新疆的事情我该不该怀疑？	1
我的吗呀	1
账号没了！！！！！？？？？	2
那个妈妈的微博不存在？？？	1
人生就像泡沫，人民就像草芥	3
热搜一直下不去才接触家长・・・・・・・・・・・	1
为什么他母亲的号不存在了？这就被封了？	1
学生坠楼在霸都合肥也有过多次，那其中还有所谓的重点初中跟这货有一拼。	0
应该想办法封口了。是我绝不姑息	2
监控坏了，是临时工，还有什么欺负普通人的说法一起来吧	2
现在就希望这家的妈妈，能多拿一点物质补偿了。毕竟事情能走得到这一步，基本上就表示严惩真凶基本无望了。人还是好好活下去叭。	3
够黑的	3
彻查	0
你看到的是新闻还是自己？我们就是那些普通人，那些被各种势力压得喘不过气的普通人。也只有死可以解脱了。	3
这个ID.真是……泡沫	1
没有情感的机器	1
希望还原真相给他们一家一个公道说法。	0
#重庆15岁女孩校内坠亡#关注下这个	0
令人发指	2
需要一个公平公正的回复	0
一、学校开始为什么拒绝家属进入？二、为什么事发的监控录像没有了？三、为什么不是公安部门回应？四、官方回应太快，且没有说服力。五、最大的疑点，学生跳楼的原因。	1
学校的冷血处理，出发点也许是怕担责，但是同时也可能为存在的校园暴力提供了掩护。却不知，探究真相才是对逝者及家庭最负责任的安慰。而不是第一时间剪除所有不利于自己的所有条件和言论，冷冰冰的法律程序，撇干净自己的责任。如果中国的教育系统这样处理是被默许的话，未来则堪忧。	3
现在这样的事怎么越来越多	0
对不起我并不想听完，完整采访，因为这个回答的老师从声音都能听的出来无所畏惧，趾高气扬，冷漠无情。你啥都不知道还出来回答的鬼。	1
这...怎么不是网络炫富被切禁就是学生坠亡无处查，这....很难让人平心静气去自我Pua相信表面看到的以及听到的...	3
吃人社会，普通老百姓维权太难了	3
问什么都不知道，那你知道个?啊	1
看到有知乎网友建议“建议以后再出现监控视频丢失，校方负责人以渎职罪处理。”	1
不是有学生看见了吗？然后要学生不要说，有处分的	0
知道实情的孩子们，不需要在网上千方百计留下信息，不要上网，直接在家长陪同下去派出所提供线索，留下笔录，派出所是必须将群众提供的线索记录在案的，而且不得泄露对外信息。这才是最安全又有效的帮助。	0
呵谁给校方的权利？	1
阅兵的时候担心军人眨眼被外媒抓拍，这种事就不怕外媒看见了吗	1
学校真黑	1
为什么总是以监控坏了等理由来掩盖事实，法律空缺	0
为什么每次出事监控都失灵？	1
蛇鼠一窝	1
监控又一次坏了！	0
绝对是黑社会，水太深了，最近电影扫黑正在播，看的太像了	1
当我们需要监控来还原一个真相的时候，监控有问题。那装这个监控的意义何在？我们需要这个事件的一个真相，同样，我们也需要，对学校医院公园等这一类公共场合的监控列入监管，至少所有权不能只在一家机构手中。	1
不会把家属控制起来吧？？？？感觉水好深	3
以后是不是学校监控应该公安联网学校无权处置	0
武大郎死了还有仵作验尸的流程呢	0
这是中国的教育该有的样子嘛?	1
哎	1
兄弟们，顶上去支持正义	0
让成都49中校长出来说话，他还会一问三不知吗	0
看得我好生气	2
加油，支持你	0
韭菜能做的就是不要留下根//@多啦A梦的样子:说得对，真的不要生孩子，还是让那些富二代红二代多生点才能互相残杀，老百姓就不要生了，死了居然连遗体都看不到，都是一帮黑社会的顶流。//@单身蚁族2542:人民总是弱势群体，	3
就是把家长关在门外？？？？	2
我不知道我不知道我不知道，求你们不要问了我不知道我不知道??♂?	1
这是我生活的国家吗？这是社会主义法治国家吗？我还能相信我的国家吗？	3
没有一项操作是合情合理的	1
不让家属见遗体，作贼心虚呗	1
如果是自杀，学校肯定会第一时间还原监控，甩锅	1
学校是黑社会吗？	1
本来就是啊这样的回应本就让普通人觉得难以信服别说是受害者家属了	0
所以《顶楼》应该是根据真实事件改编的吧。全剧没有监控很合乎常理了。	0
广大普通民众团结起来还家长和娃娃一个真相	0
感谢你们为百姓发声	0
反正出了事情就是不了解不知道不说	0
@人民日报确实没有人性，缺少责任心//@人在江湖54321:发生这种事情，但凡有点良知的老师校长都会悲伤，但是校方的公告和回应都是冷冰冰，这种没人性的教育工作者搞教育是我们国家教育之耻！！	2
第一时间不和家长接触！不让家长看孩子！作为母亲，无论怎样，校方的态度和做法，就不配教书育人！只要事实真相！	2
监控缺失真是天大的笑话	1
呵呵，一问三不知。	1
#山东莱阳一高中生校内不明不白死亡#大家也看看这个吧！	1
丧尽天良！有没有心啊！学校的管理层有妈有孩子吗？？	2
不知道？呵呵，还有人民的活路吗？学校竟然成了一个这样的地方，学生人身安全得不到保障，不明白为什么	3
考虑过父母的感受吗？如果是这个学校的领导子女无缘无故死了，他们怎么想，真的太无耻了，简直令人发指	2
学校推老师出来躺枪，意图转移大家的注意力，为自己洗白	1
百姓生命也能儿戏病态社会关系学对政府失望	3
所以不管社会发展到多先进。其本质还是不变依旧有这种明目张胆只手遮天丧尽天良的事。群众还是可以被轻易踩死的蝼蚁。愿能给这位母亲一个公道	3
这是因为暗地里用钱在操作？？？？	1
成都的官员真的可以一手遮天吗？民不告，官不究，民告官，国家管吗？上天无路入地无门？@人民日报@中国长安网@人民网@央视新闻	3
以后碰到学校，幼儿园的监控坏的，校长园长就地免职，不信了，让他坏。	2
这国家怕是要被官僚掌控在手心里了！	3
别问，问起来就是我不知道我不了解，啥都不知道	1
我真的是气死了	2
如发现有人为销匿证据的一定要重重的惩罚！	1
一问三不知其实什么也没说	0
把人当蚂蚁踩	3
让老百姓生孩子的前提下请保护好我们的孩子	3
来个黑客吧把学校的监控视频弄出来	0
9号晚上家人去学校，学校不让进学院，不让看孩子遗体！直到孩子母亲发微博上了热搜！10号才让家属进去看孩子遗体！9号晚上一夜不知道发生了什么！10号公安局才介入调查！难道不是第一时间报警处理吗？	2
“监控缺失”就说明了问题	0
公布监控录像	0
寻求真相！	0
妈妈得多心疼	1
好家伙，他知道啥，为啥啥不知	0
每次一有事就都监控坏了，到底是真坏了还是有什么内情？	0
真是一个荒诞的世界，一个教育人的地方，竟然这般黑暗操作	3
青少年不是国家的希望吗？学校只要拿出证据，自证清白是很简单的。现在社会只有腐败的落日，青少年看不到希望。真的悲哀。	3
名意汹汹	0
求真求实，至善至美。多么讽刺的八个大字。	1
你知道什么？	1
直接得中央去信访	0
49中	0
“让每个孩子沐浴在法治的阳光下”	0
需要监控，总是提供不了，关键执法部门也是拿钱和稀泥……受伤的总是老实的百姓……	3
一问三不知，纳税人的钱都养的些饭桶	2
需要监控的时候，监控总是有问题?	1
丧尽天良啊	1
建议学校等教育相关机构，安装的监控系统，能设置权限，不允许随意删除监控部分内容，只能查看，不能修改。公安系统有最高权限，能随时进入监控系统调取查看。	0
接触他妈呢不让看监控不准进校门甚至不让看死者？这就是接触？？	2
心疼这位母亲！心疼这个弟弟！在打电话去问任何学校的老师教师都是统一回答，一问三不知	1
@共青团中央@紫光阁@中国政府网@国务院公报@光明日报@国台办发布@国务院公报@健康中国@科技日报@联合国@强国论坛@全国人大@人民日报@人民网@世界卫生组织@央视频@央视新闻@中国新闻社@中国政府网@中国青年报@中国之声@胡锡进@环球网	0
？？？	1
“他们这群人，又想吃人，又是鬼鬼祟祟，想法子遮掩，不敢直捷下手，真要令我笑死。?”――鲁迅《狂人日记》?	1
就TM离谱，看个监控就清楚的事就是看不了	2
有权真好，可以为所欲为。	0
微博发不了图片了	0
为什么没有给家长见最后一面？	1
公开监控！求真相！	0
真相最重要，让孩子瞑目。	0
妈的黑势力一手遮天，刚看完扫黑决战真讽刺啊	3
顶上去！！！！赶紧出来解决	0
派出来说不知道的？	1
04年初，我高三备考的时候，被我们校长当着全班人的面骂到吐白沫，也就是自己贪恋人生没寻短见。这么多年过去了，心里的阴影仍在，无法原谅那帮用孩子撒气的人民教师。	1
第一时间没有通知家长，就这种态度。没有任何公信力，一点太多，建议严查	1
什么叫做贼心虚，真是自杀校方不会是这样的态度，水深的很。为母亲节失去自己孩子的妈妈感到难过……	1
穷人更是弱势群体，想进单位都难	3
算教育的腐败吗	1
还亲属一个真相，还大众一个真相	0
这校方肯定有问题	0
@人民网@人民日报@紫光阁@共青团中央@中国新闻网@央视新闻看着揪心，盼望真相而不是漏洞百出的通报。	1
狗屁监控！md每次一出了事就是坏了、缺了…	2
不配教书育人	2
希望能够还给家长一个真相	0
必须顶上去，公安部和教育部必须查清楚，一查到底，还这位妈妈一个交代	0
热搜又没了	0
《扫黑》	0
@共青团中央@央视新闻@中国青年报@人民日报@中国新闻网希望能够查明真相，还死者家属一个公道!真相到底是什么？让每一个孩子都沐浴在法制的阳光下!	2
这学校，让人心寒	1
请四十九中学一学大连东方瑞吉欧幼儿园的做法！	0
直接拉去火化了这就说明有鬼了，凭什么不经家属同意高火化了	0
这监控真懂事	0
刚看完扫黑不久…艺术来源于生活生活比艺术更压迫看着如出一辙的故事我们普通百姓无能为力太难过了	3
底层人民要遵守的规则是高层领导定的还想和高层讲道理？人家直接改规则好不好！	3
想想49中的高三孩子们马上就要高考了	0
学校的监控都能坏，教育质量能好吗？学生安全能保障吗？	1
不是拒绝和家长沟通接触吗？	1
怎么才接触	0
我在红星路上按个喇叭你都抓得到我，一条人命没了监控坏了？！当我们是什么？！	3
接电话的肯定是学校内部人士，或者负责人，或者深领导吧，不可能叫个保安接，什么都不知道，不知道，不知道就打发了，你孩子死了，人家也回你不知道，你咋想，真的太冷漠了，你咋不去跳楼，或者说被推下楼@成都成华教育发布	1
垃圾学校，不说还以为是黑社会呢	2
那个不是网友是孩子的妈妈	0
人生好似泡沫?	0
接触了，但没完全接触	0
公安介入？笑死，当地公安直接转发的教育部公关文案，可别说这么好听了	1
学校就是这样叫啥子们的？	1
公平公正公开，不能只是个口号	0
这就是学校负责人什么都不知道	0
黑暗	1
无可奉告最牛逼	0
当时有一个什么化学老师的热搜被压下去了好像...（希望我这个评论别被吞）	0
这件事要冷静分析，学校不知道班主任肯定知道，班里同学。实在不行那就是校长的责任，拿刀捅死算了	2
这个真的，我一个路人都看不下去了	1
别问，问就是不知道，不关我事，个人行为	0
学校门前八个大字可真讽刺	1
一出事监控就坏，真是邪门	1
看来以后维权报警都没有上热搜重要，如果这位孩子母亲不懂得这些手段。后果可想而知	3
建议把保护监控完整纳入法律，重视监控重要性，把监控室从各部门各学校各酒店各小区独立出来，由公安部门负责，责任到人。如遇事调不出监控按违法处理。这样监控操作室的工作人员也能更尽职尽责一点，让高层们权势们心中也有点怕头，遇事掂量下，别一味想着瞒天过海。这样对咱们人民也是更负责的事儿。	1
监控呢？坏的这么巧？	1
有关成都49的博，我都评论了，热度顶上去	0
反正都是造谣生事吧？我们中国人应该不信谣不传谣，相信我国能处理好这事件，真的，别让外国势力操控，现在香港/台湾人都在说这件事了，背后必有蛊惑	0
希望学校积极一点，有良知一些，给家长一个合理的说法。	0
绝对有大问题，狠狠查，把一只只校园硕鼠都揪出来	1
希望严查还家属们一个真相	0
啥都不知道！你知道个屁！	2
等一个真相。	0
狗学校	2
在这样的环境里，就问你敢不敢生！第七次人口普查结果马上公布，老龄化严重、生育意愿下降，就问为什么年轻人不愿意生！	2
学校不该倒闭吗？	1
一个省会城市的学校能监控缺失？	1
大主流媒体一个也不敢发生@澎湃新闻	0
愤怒！	2
？	1
靠！怎么可能没有监控必须看监控还可以问所有同学，找最有名的律师来处理	2
这种遮遮掩掩的校长老师直接进局子吧	1
@人民日报求求了！给个真相吧	1
这是什么学校逃避就能解决问题不追责吗	0
监控又坏了...	1
以后像这种监控坏了的，能不能追究一下监控管理单位的责任，公共场所尤其是学校这种地方装监控是为了什么？一到有用的时候就坏，这到底是监控的问题还是人的问题，有关部门不该给个说法吗？	1
笑死我了监控又坏了	0
我们高中去年也有学生跳楼，但学校的处理方式也差不多的，都怕曝出来	1
没有温度的教育是失败的	1
@爱吃饺子的胖达：1、孩子5:40入校，6:40坠楼，这一个小时的行动轨迹2、事发时段的监控？3、为何6:40坠楼，救护车8:30才到！4、事发的第一时间为何不叫救护车，不报警，不联系家长？5、为什么在教师楼坠楼？6、为什么不让家长看遗体？7、立案侦查警方为何不发通报？需要教育局发通知？	1
等真相，等细节的披露。	0
人们栽植高大的树木该是为了遮风挡雨，存土治沙，而不该是繁茂的透不过一缕阳光多于的枝叶应该被修剪，腐朽的病枝更应该被除去。然后让光照到它该照耀的地方，也让树木去庇护它该庇护的人	0
像极了韩国剧里总演的财阀跟zf同流合污草菅人命，掩盖事实	1
要监控来干嘛	0
人生就像是泡沫@央视新闻	0
巡视小组的联系方式图片都封？见不得人？见不得人为什么公布出来	1
嘴上说我不知道来搪塞，其实心里门儿清，真是辛苦你们了不好好查案就想着堵大众的嘴	3
是黑社会//@盈盈一握小仙腰:像黑社会	3
中国社会要烂了	3
监控总是在需要出现的时候就无监控……可笑	1
维护和促进社会公平正义要落到实处，强烈呼吁公平公开公正的调查，全程让家属亲人参与。	0
谁还记得成都大学也是这样，热度几天就没了…	1
真虚伪啊	1
有这种学校，这种老师，校长是国家的耻辱！！	2
直接拉去殡仪馆太残忍了想只手遮天吗学校做法非常不妥当	3
upupup	0
扫黑除恶	0
我爱凤凰网！感谢转发啊！	0
黑社会还是会怕警察的这就恐怖多了他们是一家	0
2021年了居然还有这种新闻！！身为母亲的我真的不敢想象如果孩子在学校出了事情父母要怎么办！难道底层的百姓就没有活路吗？？为什么学校敢这么做？！背后的力量是什么？	3
热搜被下了？？？这挨千刀的！希望大家关注事件本身，不要让热度降下去，他们会扯一个很荒唐的谣言，然后推翻，（比如现在看到的什么化学老师之类的）说整个事件都是阴谋，到时候大家的努力都白费了让事件发酵，等待更高层的介入，还孩子一个真相！！	1
新闻新闻，最新的实时内容才算新闻吧，你现在想起来发了？我就不信你第一时间不知道	1
希望有更多的人发声，还一个公道?	0
不管怎么样有媒体开始关注了	0
尤其今天教育局发出的通报跟没发并没有什么区别。	0
啥都不知道牛	0
这个在回答的人是谁啊什么都不知道	0
如果我去当我孩子学校的老师，会不会就可以让我孩子不被自杀呢？被自杀现在教育局连演都演了，我很为我孩子将来上学感到担忧啊	3
老子查儿子，结果可想而知	1
早日查明真相	0
怎么就能这一段缺失？欲盖弥彰？	1
别让热度散了	0
小老百姓需要的时候就老坏	3
装那么多监控不知道用来干嘛的，专门监控没权没势的小老百姓	3
所以一开始为了不接触把家长关在校门外？？？神仙逻辑，现在闹大了才接触家长有什么用？？？	2
能说的大家都说了，只能尽量让热度不要下来（虽然知道没用，但是努力一下）	0
绝对有所隐瞒	1
求真求实！	0
一有事，监控就坏	0
都被封口了啊	1
太扯淡了	2
这位母亲好绝望，孩子没了就已经生不如死，现在连求个真相都这么难！为什么偏偏那段时间没有监控，为什么学校第一时间不进行沟通，反而遣散所有老师学生？怕什么，这一系列骚操作不得不让人怀疑有不得了的内幕	3
交警调查？？？？是我看错了吗？？？？	1
监控既然坏了那警察怎么调查，早上那个教育局的发的那么言之凿凿既然没监控怎么确定的	0
还家长一个真相！	0
换了热搜名，必须给我高位热搜！我就想知道一个平时和母亲关系很好的孩子，母亲节当天祝妈妈节日快乐，分开一个小时以后就自杀是为什么？？？	1
现在才接触，玛德有毛病，孩子出事了不第一时间接触，这个学校就有问题	2
都开始调查了，还“具体情况不清楚”？	1
监控缺失。。。。。。找高手恢复硬盘	0
求真求实，至善至美	0
凤凰网一直敢说	0
一定要追查到底	0
以下来自转发：明天删除…我好害怕，请原谅我的懦弱……无缘无故欺负同学的学生跑到办公室来侮辱你，而且下非常重的手打你，威胁你:“如果你敢去自杀，你就去自杀啊，否则哭个屁”，然后你在知星楼自杀(办公室所在地)。我是和你私交最好的老师。说了这么多危险的话，愿你在天之灵祝我好运...	1
赶紧公布视频，墨迹啥呢	2
所以公安介入，然后教育局发通报还凌晨发哈哈哈哈给我看笑了	0
公众都在等一个真相。前段时间成都教育界刚刚出过事，这就又开始了，要从根子上挖	0
监控永远那么自觉	0
不要当地警方调查了吧，当地警方能查出个啥	0
啥子都不知道，你吃锤子的哦	2
确实奇怪，澎湃那些一个都没有转发，什么情况？	1
顶上去，可怜天下父母心	1
唉?	1
你们都看不见吗，公民的生命就这么不值钱@共青团中央@紫光阁@中国政府网@国务院公报@光明日报@国台办发布@国务院公报@健康中国@科技日报@联合国@强国论坛@全国人大@人民日报@人民网@世界卫生组织@央视频@央视新闻@中国新闻社@中国政府网@中国青年报@中国之声@胡锡进@环球网监控	3
我们身边这些人就是这样的，你每天跟他说这个不对那个不行的时候，他说你没有正能量，说你不爱国…………只有当不幸到你自己身上你才知道……这样的人太多了！爱国，传给正能量就是要不断的寻找错误去发声~…否则就是这样	3
等一个真相（这一系列迷之操作）	0
监控又又又又又又坏了，可笑至极	1
什么道理父母要等学校同意才能见孩子尸体呀，并且还把家长拒之门外。。。。	1
如果是刑事案件，施害者应承担主要责任。不要把矛头对准学校，这样导致将来出事学校会想尽办法按意外事故处理。意外事故与刑事案件对学校的处罚力度应当一致，刻意隐瞒应受重罚，否则类似的事件还会发生。	1
监控又又又恰到好处神奇的缺失了？	1
不要让祖国的花朵因为这种事情处理不妥对国家教育寒心。不敢想一个学校怎么好意思做出这种事说出这种话，孩子去世连尸体都不让家长看直接送去殡仪馆？难道有所关联的老师都没孩子吗都没当过爸没当过妈？如果是这样那就希望他们一辈子别做爸妈。反正他们也体会不到父母失去孩子时有多痛心。	1
心寒	1
@乔凯文	0
搞笑呢，网友都是正义感爆棚，等着吧事情不转折是不可能的，这个孩子和家里肯定有撒问题还没揭露出来，到后面伤害的是谁可就很难说了	0
孩子的父母，多么伤心啊，但是这是一个越来越没有真相的社会，口号都在口头，写笔记等等，是不是真的有举措，没有，表面功夫做的好呢	3
公安介入调查，凭什么是教育局先发！！！	1
公安局不是也加入调查了吗？想看公安局的结果	0
还能不能为百姓讨公道了这人世间！	3
监控设备哪个公司买的，发出来，我们广大网友帮学校维权，总是关键时刻坏	0
不知道就让知道的来说！特么的沙币	2
好可怜啊。。。。妈妈都要崩溃了吧，国家能不能管管恶势力，最后希望能看到好的解释和结果	1
为什么学校对生命的逝去这么漠视？是冷血还是心虚？	1
我不知道	0
麻烦继续跟踪调查！拜托！	0
监控可以恢复，请计算机高手们出手，愿天堂没有痛苦只有欢乐	1
这样做更觉得是学校有问题，好端端一个孩子怎么就跳楼了呢	1
有钱有势真好	0
凭什么把他们拒之门外？孩子无故去世，还不能要个真相了？那可是一条人命啊	1
在阅读史书时，读到那些平民百姓冤屈无处可诉，会觉得生活在现在真好，当一件有一件的事情发生在身边便只能感叹：历史总是惊人的相似。	3
我不知道，我不知道，我不知道，校方人员这么几句给我整不会了就直接离谱，说出点什么，害怕上面人找你麻烦吗？这不是法制社会吗？不坦白晚上睡得着？	1
这是一条人命啊	1
成都地方，相当有问题，多少事情了	1
一问三不知，是不知道呢？还是不让说真相！	1
扫黑除恶到底扫什么？	1
真不敢相信这是在2021年的中国里发生的事	1
反正只要一出事，指定坏监控，要么就是刚好事发地没监控，这是铁一般的定律	0
人家孩子没了，居然不让进门，我去，这学校真他妈牛！这平时对学生对家长得什么样啊？这成都教育系统果然水深得很！之前自杀那个大学书记，是不是成都的	2
校方说已经和家长接触，但是具体情况不清楚。那是怎么接触的呢？	1
和家长接触家长啥都不知道真真厉害	0
监控缺失是理由吗？	0
无语一到关键时候监控就没有太假了太假了	0
谁还敢把孩子送到49中上学啊这操作	1
卧槽，一问三不知……	2
大家一定多留言，不要让热搜下去了，帮帮这个母亲，就是帮助我们自己！！	0
一问三不知？？？是知道不能说吧？	1
大v现在都怕惹祸上身	1
真希望乱枪扫射	1
监控总是在该坏的时候坏。呵呵谁没事跑教师办公楼自杀的	1
凶手已经找到了，是现任日本天皇孙笑川，大家都散了吧	0
不是学校是黑社会	1
出事时看监控。监控永远都是坏的或者是缺失的	0
学校都做出没人性得事何况别处…不知道中国怎么了	3
一条人命啊，学校真是好厉害啊，谁给的底气和权利这么去做？	1
@共青团中央@紫光阁@中国政府网@共青团中央@紫光阁@中国政府网@国务院公报@光明日报@国台办发布@国务院公报@健康中国@科技日报@联合国@强国论坛@全国人大@人民日报@人民网@世界卫生组织@央视频@央视新闻@中国新闻社@中国政府网@中国青年报	0
中国有正义吗	3
可笑的是，政府还天天批评外国，真不知道自己是什么？真他妈的黑暗之极	3
太黑暗了，普通人命如草芥	3
一砣?，不佩为人	1
高中部教导主任万丽霞，重点查一下	0
一问三不知，呵	2
与家长接触后，来了句具体情况不清楚。。。	1
凶手的微博找到了@带带大师兄	0
在国际问题上人民是可以利用的，在这种问题上人民是可以糊弄的。	3
真的心疼啊，最好的年纪，爸爸妈妈得心疼死了	1
还是酒店的监控最好	0
多么希望现实存在娜诺	0
我不相信#成都四十九中回应学生在校高坠离世#中间#成都四十九中回应学生在校高坠离世#间隔#成都四十九中回应学生在校高坠离世#几个字#成都四十九中回应学生在校高坠离世#这种#成都四十九中回应学生在校高坠离世#我不相信	1
怎么出问题后监控总是坏的？	0
疑点重重◆18:40坠楼20:30救护车赶到21点通知家长遗体已送往殡仪馆并阻止见面◆学校拒绝家长进入拒绝家长看监控◆警察调看监控后发现唯独没有坠楼那段视频◆根据受害者母亲描述学校拒绝沟通表示走司法程序★学校故意拖延家长了解案发现场以及阻止家人认领尸体我认为这属于故意销毁证据	1
黑社会	1
谢谢报道谢谢关注，我们都是社会的一份子都是平凡的普通人，请大家一起帮助这位母亲，17岁的儿子就这样没有了还不能看遗体，背后究竟是多大庞大的势力啊	3
给孩子和家长一个公道	0
送你热搜，希望讨回公道	0
学校如果失了本心，学生人身安全都没有办法保障，所有的设备只是为了维护自己的利益。上学又有何用。	1
说个我自己的事儿，前阵子等红灯被人把车蹭了，对方闯红灯逃逸。去交警队，答案是监控坏了，找不到对方。我坚持不给我找到我就打市长热线，当天放完狠话后除了交警队三分钟，打电话告诉我找到了肇事的司机，回去后交警让我私了。到最后也没看到监控，这就是人民好交警。	0
还是官本位啊……日光之下并无新事	1
几句不知道就能保护好自己的利益了	0
希望可以有真的结果孩子都不给家长看一眼直接殡仪馆这是在不尊重谁又以为自己是谁	0
现在不正在打黑么？	0
点赞给发声媒体	0
丧尽天良，这是现代中国社会应有的事吗？到底有没有人管？！学校及教育部门是法外之地？！	2
监控到底为啥每次到关键就坏？	1
好可怕，上热搜了才说接触吗？没有任何知情人敢发言吗？这些学生都经历了什么	0
监控怎么就坏了	0
这回应跟没回应一样。孩子好好的为什么突然坠楼？事发时的监控呢？不让其它同学发声，不让看事发时监控学校到底在遮掩什么？	2
权力在阳光下运行，需要我们普通民众的监督，希望虽然很微弱，但做总比不做要好，一点点去改变，不要等不公降临自己身上时才想去改变。	3
人死了监控也死了！	2
希望严查到底。学生在学校的安全不是校方来保护的吗？现在出了事就当缩头乌龟。不处理问题，只知道威胁学生，敷衍家长。	1
没人性	2
要是没人管也说明当今社会太黑了	3
啥都不知道，孩子出事了监控坏了，是不是以后孩子去学校家长都要给孩子带监控设备才安全	0
玄学监控	0
看小伙挺阳光的，应该不会无缘无故轻生。对比以往，无非就是遭遇了什么事情让他身心交瘁。比如长期的校园暴力、同学之间的失手、老师等等。之间觉得校园很干净纯粹，现在还能放心把孩子交给学校？我对我孩子说学校有人欺负你，回家告诉你爸妈，哪怕付出生命代价，也会为你讨回公道。	1
被采访的人什么都不知道，到底是真的不知道还是故意隐瞒什么，我不想恶意揣测，我是真的不明白为什么学生死在学校，不联系家长，为什么不尽快告诉家长什么情况我家也有孩子上高二，这件事放在任何人身上都会崩溃	1
为啥家长不能接触遗体	0
今天你不为他发声，明天惨剧发生在自己身上，也不会有人为你发声！???	3
孩子遗体呢？	0
希望继续跟进找出真相	0
我们要团结	0
@罗帅帅976:应该鼓励目击者站出来，保护目击者，敢站出来的高考加分，破案有功，更应该加分。如果连目击者的权利和安全都不能保证，这社会就已经站立不起来了。	3
好一个一问三不知啊……	1
扑朔迷离。可惜现在纸捂不住火。	0
社会黑暗偶然暴露而已还是无知好一点	1
一条活生生平白无故被剥夺的人命，校方迫于舆论才开始接触？这就该死。	2
扫黑除恶？	1
只要出事监控就坏了！出事也只想着大事化小，小事化无！从没有考虑过失去孩子的家庭！也没有想过当事孩子的委屈！真是SHZY好啊！	2
“我不知道我不知道”那他知道有一个活生生的生命就这样没了他知道有多少人在等待真相吗	1
监控为什么坏了呢？是因为那个时候监控休息了。我们学校的宗旨是求真求实，至善至美，怎么不会告诉你们真相呢？只是现在我们需要再思考一下，认真求证一下，等我们清理好现场，就能给你一个完美的答复。我们学校又不是黑社会，天下的乌鸦又不是一般黑。在这等着吧，我们会通过法律途径通知你们的。	1
1化学教授老师万丽霞2知行楼3硫酸虐杀4抢了化学教授老师的孩子的留学名额5万丽霞是高中教务部主任6不是坠楼死的来自b站转发	1
弟弟，没事我们陪您妈妈呢会一起给您要回一个公道，一条手电筒照不亮，那么我们会全部团结起来把全部手电筒都打开，路会亮的别怕，都在	0
这个事件足够成都地区老百姓长心记账了	0
化学老师是坏人	1
没有人性的社会	3
顶，支持上热搜，找媒体曝光，孩子都没见到，家长不要同意火化，就算火化，也要求验尸，就不信一个学校，教书育人的地方，能一手遮天，权力这么大吗？这样的学校以后谁敢让孩子去读书，谁还敢让自己孩子去学校，如此凶恶	1
监控怎么又坏了？笑死	0
这世道还有救吗？已经光明正大开始吃人了	3
致相关事件知情人：今天你不为他发声，明天惨剧发生在自己身上，也不会有人为你发声！???	3
丧尽天良！！！法律是用来干嘛的？？	2
好像centre的巡查组在成都，单纯是巡查组来成都肯定是不能出事，如果出事，到时候学校和gov领导都会被问责，所以就想压，没想到越压越大，。。	0
想急着火化了都不说肯定有内幕	0
化学老师教师楼	0
@人民日报	0
up	0
#成都四十九中回应学生在校高坠离世##成都49中#光明在哪里有权有势就可以一手遮天？命不是命？查查他个水落石出别随便找个人背锅背后的水有多深？国家不是打黑除恶？人命都出了这还能容忍吗不调查清楚恐难服众！	2
个人觉得，各个家长应当把自己的孩子接出来，呆在里面太危险了。	1
成都四十九中教师名单校长：唐文勇数学组：王欣、王毅、周敏、任小林、夏炳权、李仲强、刘晓梅、蒋更兰、李韵涵、肖化、廖健宏其他人员看本人微博，由于权重低无人看到，只能用评论的方式，希望能转一下，为还孩子和母亲一个公道贡献自己微薄的力量	0
啥都不知道还出来干呀，找个知道的来回答问题啊	0
好一个求真求实至善至美，讽刺极大的讽刺！民愤是一点点积累出来的，我相信大多数人对gj的认同感都是挺高，有敌入侵肯定是一致对外，肯定会舍身忘我，可是那些舍身忘我的英雄看到千疮百孔资本永驻的社会，他们瞑目吗寒心吗？一颗璀璨的新星在一个教书育人的地方不断不断的陨落，gj还有希望吗	3
@十安梦一场：如果这样都没真相以后中国所谓的公平公正在青年心中还有分量吗21世纪了不是总说少年强则中国强吗学校是教书育人的啊莫让中国人??寒了心	1
为什么要删监控？？？	1
#成都49中回应学生从楼道坠亡#阿姨要坚强呀，我们会坚持的	0
监控为啥总是坏的	0
请继续关注。谢谢您	0
对丧尽天良的学校	1
热度不能停隽司]人理只求一个真相	0
愿安息！	1
监控当时害怕极了	1
福建西山学校也曾经有过这种事件但是都不清楚原因	0
万丽霞	0
哇塞，好大权力，居然买通了删视频？究竟是新浪见钱眼开还是某些权力使然？	1
我向来是不惮以最坏的恶意来推测棕果人的。――鲁迅《记念刘和珍君》	0
学校有后台？	1
这个视频不知道多久以后又会被删掉吧………	1
“我也很害怕没办法说更多我只能告诉你们他不是从楼梯上摔死的三令五申的强调不能说不能说知乎的匿名也不可靠...”转自知乎。?	0
热度不要下去，帮助这个妈妈！！	0
民主法治恩等一个真相	0
三缄其口这个词好讽刺	1
在这里工作的老师还干的下去吗你们不觉得愧对老师这个神圣的身份吗(单纯指不做为的	1
绝逼不是意外	2
中国的监控器质量这么着急了吗？	1
真相可能早已被图谋不轨的人抹掉了，希望这些抹掉真相的人，赶紧死去，	1
什么社会背景呀这样欺负人有什么资格做教育学校里面的教师也没有一个可以站出来说话的真的是悲哀	1
太黑了……视法律为何物！！！学校若如此，国家的未来在哪里！	3
一问三不知，这是在干什么	1
#成都49中##成都四十九中回应学生在校高坠离世#无法无天！	2
为什么要维护一个杀人犯，就因为他有权有势吗	1
我觉得学校还装什么监控啊，反正都是坏的	1
近几年教育界却发生了那么多丧尽天良的事情，到底是谁扼杀了学生的未来	1
我看到过另外的版本，49中一个老师的朋友透露出来的，有监控当天已经交于警方，6点45坠楼，救护车七点出头到的，网上传的八点半是救护车离开时间，遗体没有火化，坠楼前跟一个女生（疑似女朋友）生气了。不知道真假，但是警方的结论没出之前我还是乖乖等结果。	0
化学老师	0
和第七次人口普查有关	0
祝愿49中所有涉事领导和相关掩盖人员早日横尸街头。	2
什么都不知道？我信你个鬼	2
谢谢你发声，我本来已经对这个世界绝望了	3
成都49中吃人血的学校被调查对象还建立调查组贼喊捉贼吗消灭证据威胁学生闭口收买媒体欺骗受害人家属垃圾学校不配教书育人社会蛆虫	1
“……联系涉事学校，对方表示：校方已和家长进行接触，具体情况不清楚。”校方和家属接触，具体情况校方不知道？你不知道不能找个知道的接电话么？这是什么傲慢的态度？！	1
BBC那些的打压抹黑中国也不知道挑新闻	1
这是中国现实版《顶楼》吧？	0
“我翻开历史一查，这历史没有年代，歪歪斜斜的每页上都写着‘仁义道德’几个字。我横竖睡不着，仔细看了半夜，才从字缝里看出字来，满本都写着两个字‘吃人’。”	1
@央视新闻@人民日报@四川观察	0
接触，指把账号封掉	0
校方不清楚？？？人家好好的一个孩子是在你们学校里没了。真是刀不砍在自己身上是不会知道疼。	1
底层普通人全靠运气活着遇到这种事儿就到头了?//@多啦A梦的样子:说得对，真的不要生孩子，还是让那些富二代红二代多生点才能互相残杀，老百姓就不要生了，死了居然连遗体都看不到，都是一帮黑社会的顶流。//@单身蚁族2542:人民总是弱势群体，	3
我很好奇，这件事如果能反转，得是怎么样的一个事实？太魔幻了	1
避重就轻为什么不第一时间通知家长为什么偏偏出事那段时间监控坏了	1
权贵杀人？	1
管理人员拉出去毙了得了	2
嫌生育率不够低，加速	0
雪崩时没有一片雪花是无辜的！请多为苍生说人话。	1
#成都四十九中回应学生在校高坠离世#中国教育的天已经黑了一半，你让我怎么有勇气去生儿育女、去相信这样的教育，这样的学校，可以保障我下一代的未来。中国少年没有先毁在自己手上，就毁在了你们口口称赞的教育人手里。这样的学校，是孩子们敢少年中国的天地吗?	3
孩子身上可能有不属于坠楼的伤？被霸凌？要不怎么家人都见不上一面就送殡仪馆了？	1
也就凤凰网敢	0
监控坏了就把校长火化了吧！不然没法向死者和他的家属朋友交代！	2
把家长非人道地拖进学校接触？？？	1
什么玩意儿	2
希望知道真相的同学们勇敢的站出来，教育中真正的德行二字希望你们不要学而不用，舆论在热也没有一个17岁的孩子的生命发热，必须还家长一个公道！！	2
只有这个媒体的报道是最接近叙述事实的～其他媒体都借用49中的官方通报凤凰网！加油	0
需要彻查	0
什么鬼？孩子死亡不联系家长直接烧了？？？这是惹上了谁家的大少爷大小姐我真服了	2
顶	0
9日下午九点到底是校方通知，还是警察？一方说是楼道坠落，另一方说是高空坠落，到底真相是什么？时间线，到底发生了什么？警方尽快破案，走司法程序，还大家真相！	0
监控不利，现实版《顶楼》，建议学校相关领导入刑，否则难以平民心。	1
顶一下	0
损坏的监控已经说明了一切	0
现在社会治安这么好，麻烦把这种只手遮天弄权作势的公家黑社会也清一清//@盈盈一握小仙腰:像黑社会	3
@最爱宝贝1990还有这位妈妈有同样的遭遇！！！高一的女儿在学校离奇坠楼死亡！！！！！	1
如果以后监控由公安直管的指定第三方平台来进行运营管理，还会出类似事件么？	0
走近科学之中国的监控	0
我儿子读一年级就要求背，公平，公正，法治，民主之类的，难道都是背来掩耳盗铃的虽然这事不发生在自己身上，但为人父母很能体会做家长的心情，愿早上给这位妈妈一个真相	0
@成都49中//@山有鸣:#成都49中#致相关事件知情人：今天你不为他发声，明天惨剧发生在自己身上，也不会有人为你发声！???	1
上去	0
没上热门就高高在上，事情大了就工作组，切	0
我就评论了几句，号被封了？！知乎也禁言了好多人！没天理了	2
@Tooyyer	0
电视都是这么演的，关键地方不是坏了就是没有监控，现在才知道原来是现实这么演的	0
狗学校，畜牲东西	2
有没有一条安装监控如果出事没有办法查看监控的罪责	0
不能掉热搜	0
学校都不安全了，这谁敢送孩子上学啊，人命关天的大事就这样不了了之了，每天都活在恐惧当中	3
总是碰巧的没有监控？？？	1
建议以后学校监控直接归警方管理！	0
感谢报道	0
不知道不知道不知道，什么都不知道的吗，怕是知道什么不敢说吧	1
大众想知道具体信息，要求学校公布一切信息！要求学校给个说法！要求校长下台！！！学校这种处理方式应该得到惩罚！！！大众想知道具体信息，要求学校公布一切信息！要求学校给个说法！要求校长下台！！！学校这种处理方式应该得到惩罚！！！	2
不让知情者发声，教育局去哪里了？为什么不把校长抓起来审查？	2
教育局的人呢？	1
找新华社，找记者，找国家，必须的给孩子一个交代！今天不发声的知情者，他是你的同学，是校友，是朋友也是一个普通的中学生！也是普通的公民，我们的国家怎么了？是病了吗？	3
监控总是坏的那么及时？	1
成都49中是不是以前的官宦子弟的学校如果是的话那真的得好好查查咋回事	0
求给家长一个真相，让死了的孩子瞑目，让活着的人安心	1
要监控有什么用，反正它啥时候要看啥时候就该出问题	0
我不敢相信这是我的祖国！！！！	3
教书育人啊	0
采访学校不如采访警察，但凡警察敢出来开面对媒体记者都不至于这样警察是有必要对这种严重舆情关注的案件做公开交代的	0
"鲁迅先生说过：愿中国青年都摆脱冷气，只是向上走，不必听自暴自弃者流的话。能做事的做事，能发声的发声，有一分热,发一分光，就令萤火一般，也可以在黑暗里发一点光,不必等候炬火。孩子没了校方的一再敷衍媒体不敢出声，试问谁才是我们的保护伞，舆论热度很快消失，无辜的孩子就应该无声的离世吗"	3
成都数一数二的好学校，还这样，不给事实	0
都是熟悉的配方	0
新中国，中国梦	0
不知道为什么？我们的媒体全是对娱乐了报道，娱乐圈屁事都要报道，真的需要的时候一个个藏起来了？是戏子误了国？还是我们思想的扭曲？我们的媒体真的是在领导正确的道路？还是流量？还是只是为了赚钱？以后所有的这样的事媒体都藏起来吗我觉得这才是这个事情背后的问题媒体要为人民发声不是赚钱的工具	3
看到校门口站的一排警察就特想问他们，他们到底是为人民服务还是为权力服务？一个失去儿子的手无缚鸡之力的母亲能怎么样，需要jc大动干戈守住校门。像极了看门?	1
真相是否还在？那些守口如瓶的同学，这一次的哑口会出现在你今后人生的无数个噩梦中，生命从来都很脆弱，可以意外，可以病亡，但决不允许不明不白！	2
都发声等于都没发声	0
起初他们追杀犹太人，我没有说话，因为我不是犹太人。后来他们追杀工会成员，我没有说话，因为我不是工会成员。此后他们追杀天主教徒，我没有说话，因为我不是天主教徒。最后他们奔我而来，却再也没有人站出来为我说话了……	3
丧尽天良	2
这什么世道	3
这学校没天良啊	2
这都什么年代了，又让我看到了社会的黑暗面！	2
想和孩子的同学说一声，小孩子才分对错，成年人只看利弊。这句话是错的。这样的价值观只会让自己变成精致的利己主义。我们要勇敢，要有自己价值观念。要正义。成熟并不是学会妥协和放弃原则。这个社会对就是对，错就是错！！！！！！！！	0
欺负老百姓，	3
很心痛地说有很大可能性学校可以给钱但不会给真相不是因为学校手眼通天是拿准了现在媒体不让大肆报未成年人受害案件所以家长求助媒体基本上没用只有找国家机关相关部门了吧多么令人绝望家长要的是钱吗家长只要个真相学校却不给这是要家长的命要绝人家的户有良知就交出施暴者吧不要庇护了	3
以后类似的情况没有监控，直接判定故意杀人罪，	1
你降下去一定给你顶上来。你就呆在第一别动！不给真相，不罢休。@成都49中	0
知行楼是老师的办公室！	0
希望有钱有势的好心人能为老百姓出出头?	0
必须给人家家长和公众一个交代！	2
wk……这语气也太冷漠了，这原本是一条鲜活的生命啊！一问三不知，还有这学校就这么对待孩子的家长的吗？？？	2
不是自己的孩子，所以麻木不仁。	1
请调查清楚，给一个说法给家长！	2
这种学校谈何教书育人？怪不得鲁迅的文章没了，现在跟那时候没啥分别！吃人的社会！	3
作为一个学生，觉得这是今年最恐怖的恐怖片了！	1
太坏了，仅仅是去学校上个学，竟然连命都没了。出了这种事，学校不出来下跪道歉，竟然还傲慢的将家长拒之门外，更匪夷所思的是竟然直接将遗体火化，谁给它的权力？还有殡仪馆，不经过监护人同意，学校可以任意将事故学生的遗体火化，合法吗？黑恶势力的做为，也不过如此吧？	1
成华区烂透了成华奥园广场明着欺骗业主没人管	1
@我是奥特曼5248我觉得越是这样说越表示学校心虚！！！真的太可恶了！！	2
#成都四十九中回应学生在校高坠离世#	0
校方真的dm	0
就他妈离谱，人在你那没的，你还不给看监控	2
这件事如果没个让人满意的说法我觉得还有人相信学校教育吗？	1
还看什么悬疑剧，悬疑就在我们身边?	1
现在很多学校真的腐败烂透了，特别私立学校除了捞钱就是拉地方势力，出了事一手遮天，身边就发生过类似事件也是孩子没了，事发当时其他学生家长都不知道学校发生过这件事情，许久后才知道有个孩子在学校出了事	3
这个接触大不是收了家长的微博号让她跟着学校一起“闭嘴”吧	1
校园恐怖片居然在现实上演，担心我孩子以后的安全，希望最后能好好给一个交待	3
我终于看到了，什么叫只手遮天	1
没有热搜永远不接触。。。。	0
监控：说出来你们可能不信，我tm自己都不知道自己多会儿又坏了	0
不知道，呵呵，说的真溜	1
第二天下午才和家长介入？？？	1
//@苯宫菜菜灰常懒:要是某个明星或企业偷漏税可以罚款有大笔钱能进账了绝对马上发声马上点名马上封杀处理～//@共青团中央@紫光阁@中国政府网@国务院公报@光明日报@国务院公报@科技日报@联合国@强国论坛@全国人大@人民日报@人民网@世界卫生组织@央视频@央视新闻@中国新闻社@中国政府网@中国之声@胡锡进	1
扫黑除恶专项整治请继续。	0
不是，警察呢？不立案不调查吗？不认为是刑事案件吗？意外？事故？自杀？	1
都把人家儿子火化了才跟家长接触？	1
太悲惨了，人权在哪里？正义在哪里？法制国家“法”在哪里？	3
在这所学校学政治不会心寒吗书上要背的要考的全是假的漂亮话	1
你知道啥，咋比网友知道的还少呢	0
//@摘星河入梦Reve:现在你们不出来发声了吗？？？@共青团中央@紫光阁@中国政府网@国务院公报@光明日报@国台办发布@国务院公报@健康中国@科技日报@联合国@强国论坛@全国人大@人民日报@人民网@世界卫生组织@央视频@央视新闻@中国新闻社@中国政府网@中国青年报@中国之声@胡锡进@环球网监控	1
具体情况不清楚？那你们清楚什么？	0
母亲节坠亡，这个妈妈再也不会过母亲节了。	1
这样的学校谁敢上，国家一定要给家长一个公道，不说出真相，孩子死不瞑目啊，为什么连孩子最后一面都没见到，到底发生什么全校那么多人难道没有一个人有良心吗？为了名声难道娃娃的命都不管了吗如果国家不管事广大人民不会善罢甘休的，希望国家能给一个公道也希望有人能站出来为孩子妈妈提供帮助！	1
这是21世纪能发生的事？？？	1
成都学校黑暗势力太强大了，镇压的无比厉害@成都发布@人民网@人民日报@共青团中央@共青团中央@共青团中央，青年都被弄死了，赶紧出来曝光下	1
1就是1，2就说2，学校领导心里有鬼，没有人性，不配做人。	2
“我不知道”（我知道但是不敢说）	0
监控总在最需要的时候坏掉	0
我发现不法分子放在公共厕所或者小旅店里的廉价摄像头都特别好用！花纳税人钱买的监控都像老年痴呆似的，经常“失忆”	1
执法机关如何保护监控，如果这都保护不好，保护屁个人民	1
所以绝对不是自杀	0
特别讽刺的是，这种事情，每次公安机关介入，最后都是不了了之	1
这也太黑暗了！	3
庆幸去年没有选择49中这个垃圾学校	1
我怀疑是被老师骂了之类的	0
?	1
学校领导集体辞职吧，没有一点人性，隐瞒什么，到底怕什么？	1
这个学校就是个黑社会啊！比黑社会还黑社会。官官相扣，怎么才能还老百姓一个公道啊！心寒	3
起来！把旧世界打的落花流水!	0
满本都写着两个字是“吃人”。算是明白鲁迅先生说的“吃人”有多恐怖了。???	1
问题是，jc值得信任吗？	0
@中华湘潭:起来!不愿做奴婢的人们！只有一起推墙我们的孩子才有希望。	0
可怜的母亲，没有什么比白发人送黑发人更悲伤的事情了，学校的监控一定要还孩子公道	1
监控恰好坏了，那随便什么调查结果也没人信了，不过不管我们信不信也不重要	0
@一个能豆子_:突然对一些公信力很强的媒体失望，如果最终热搜退了，没了消息，我对国家也会失望，法律的公信力在哪里？但我更怕最终学校和警方一起发布一个公开的调查结果为自杀，且禁止民众造谣诋毁学校。	3
是一手遮天吧	3
比黑社会还恐怖的是学校系列！	3
@晚照对晴空-DSRC：@共青团中央@紫光阁@中国政府网@国务院公报@光明日报@国台办发布@国务院公报@健康中国@科技日报@联合国@强国论坛@全国人大@人民日报@人民网@世界卫生组织@央视频@央视新闻@中国新闻社@中国政府网@中国青年报@中国之声@沈逸气死我了！这是人干的事吗？	2
为什么每次都这样？学校直接把学生尸体拉去殡仪馆火化？不让家长见尸体？不让看监控？还有没有人性！！！	2
需要的时候监控总是坏的	0
今天你不发声，明天没有人替你发声！不管发生什么？请对父母交待好吗？	1
太惨了吧	1
希望这件事能够查明，不要被掩盖下去，我们有权知道真相	0
娱乐圈减肥屁大点事儿都能上热搜当回事，这咋普通人群生命如此糟践不值一提？社会黑暗的让人作呕，之任何有权势的地方	3
一问三不知你妈没了	2
我猜是不是像顶楼那样看见了不该看见的被高管推下去了学校不让家长看尸体直接拉去殡仪馆就很离谱很过分啊	1
@人民日报@央视新闻家长把孩子交给学校，孩子在学校出事，为什么是最晚知道的，为什么不让家长了解情况，这是在掩盖什么事实，是心虚嘛！?如果不是亏心事，难道把事情原因说出来就那么难吗？这让失去孩子的父母家人多难过！马上要进入高考阶段了！父母多心寒！要求彻查！！	2
这种学校以后谁还要读	1
真相一定要大白孩子是父母的一切啊	0
只要出事，监控必坏	0
#成都四十九中回应学生在校高坠离世#终于有媒体站出来了	0
期待明早，官方能把真相公布出来！太让人痛心了！	1
等待真相	0
我的妈呀，好心痛，母亲是真的会受不了	1
@子野丘丘：求求了守住底线别被收买还家长公道?	1
国家政府来管吧，真的是无法无天了，背后有多大背景？都不愿意揭露，大家使劲闹大吧，法制社会，想含糊其辞过去，还有没有王法了	3
#成都49中#致相关事件知情人：今天你不为他发声，明天惨剧发生在自己身上，也不会有人为你发声！???想想往日的同学情，你们不痛心吗	1
学校成了孩子的丧命窟	1
请求介入@共青团中央@紫光阁@中国政府网@国务院公报@光明日报@国台办发布@国务院公报@健康中国@科技日报@联合国@强国论坛@全国人大@人民日报@人民网@世界卫生组织@央视频@央视新闻@中国新闻社@中国政府网@中国青年报@中国之声@胡锡进@环球网监控	0
过来看看，这是该管的，出事了就不发声了@共青团中央@紫光阁@中国政府网@国务院公报@光明日报@国台办发布@国务院公报@健康中国@科技日报@联合国@强国论坛@全国人大@人民日报@人民网@世界卫生组织@央视频@央视新闻@中国新闻社@中国政府网@中国青年报@中国之声@胡锡进@环球网监控	0
求一个公道！不给人家母亲一个公道！以后各大领导机关我就问问你们如何服众！我们老百姓能信任你们吗！	2
学校欲盖弥彰的行为必须一查到底	0
为什么！	2
唉，监控没了……这就可怕了	1
保持曝光，这b学校烂透了	1
具体情况不清楚你就别人拉到殡仪馆了？	1
@耳元_	0
这还是学校吗？	1
然后威胁人家？？？？	1
这TM还有王法吗！又要拿监控坏了来玩弄公众的智商？	3
呵，一问三不知啊	1
一问三不知？就离谱	1
家长别哭要坚强起来，他们不讲道理那就跟他们硬来，见自己的孩子没错，想尽一切办法趁着热搜大家都会看到的帮助你们的不要怕。	0
感觉在中国命真的很不值钱	3
先控制好监控硬盘，警方应该是能数据恢复的，就怕。。	1
望查明事实真相，还死者一个公道。	0
又是荒唐事	1
我唯一能帮这位妈妈做的就是帮她在这个话题下刷热度，让更多的人关注这个话题，希望政府还他们家一个公道！！！	0
这也太可怕了事实到底是什么！	1
现在的老师有几个是为人师表的，披着羊皮的狼呵呵	1
不知道死去	1
本地媒体集体失声，凤凰真相靠你了	0
关注！	0
请求还原监控。故意破坏监控是犯法吗？	1
学校方多少有点毁尸灭迹的意思，无论当时咋样至少要保留真相吧，别人因为你们而死也能心安理得的睡着吗	1
发现了他只会说我不知道	0
请持续关注还孩子一个公道	0
请你们一定要跟踪报道啊！	0
彻查！	0
一问三不知，知道个鬼啊，脑子装了马桶冲水了吗	2
社会一直没变，利息至上	0
好一个一问三不知	1
立法的缺失，监控缺失是无责？	1
求真求实至善至美真的很讽刺啊	1
问就是不知道？	1
希望一直保持热度，让孩子母亲有一个探究真相的机会。	0
好像大部分学校都是一样，出了事监控都是有问题的，没出事都是正常的	0
不知道为啥让我想起了之前那个校园操场埋尸案，总感觉牵涉了很多人的利益，官官相护。希望赶紧真相大白吧！	1
需要扫黑除恶	0
真的很气愤，又觉得很可怕，现在竟然还能发生这种冤案。那些让孩子妈妈流血泪的人就不怕有报应吗！我相信人在做天在看，法律要是不能收拾你，老天早晚也会收了你	2
这才话题该置顶的微博	0
真的怕过一阵又反转了。。。权利和金钱的社会。	1
需要监控的时候总说监控有问题，那就把管理监控的人员担责之后，以后再也不敢说监控坏掉了，这种推脱不能成为护身符，挡箭牌。	1
各种推脱责任，掩盖迷章中国社会的风气已经成这样了，有钱有势的人想咋地就咋地	3
严查	0
监控老坏也是离谱	1
又是成都，我又想到了毛洪涛书记。	0
做个人吧，什么都不知道，屁	2
@人民日报@央视新闻	0
公安也就是官护官	1
看了教育局通报，我想说，各官方掌握了多少信息，除了保护未成年人的隐私外，能公开相关物证就及时公开，拒绝对疑问做出解释，只会引发更多猜测，让舆情进一步发酵。O成都吃土青年	0
这里面有点东西，学校到底想隐瞒啥子……？	1
六点四十坠楼，八点半救护车才到，怎么？从外省调了一个新车？还是骑的三轮去的	1
学校这是要干啥	0
各位，带话题转才有热度！相关部门才能重视	0
诶，多好的小伙子就这么没了，希望尽快调查清楚	1
太冷血了，报警打120配合调查好像学校就仁至义尽了，家长是可有可无的局外人吗？	1
求真求实至善至美	0
学校权利挺大啊直接拉殡仪馆了	1
监控老是监控不了想监控的东西	0
为什么一到关键时刻就没有监控！！！！监控都tm是摆设吗	2
并且第一时间遣散学生	0
朱令案不也没有结果吗……	1
我初中学校管理一直很严（有点过了的那种），早上消息封锁的还很严重，当时我们连几年级几班的都不晓得	0
这个学校的办学理念“求真求实至善至美”真可笑	1
其实监控是通过技术手段可以恢复的，只是看想不想，公安机关技术已经很成熟了。	0
很明显，每次学校出事故，事故发生那段监控就一定会消失，可笑，冷漠的处理方式	1
救护车为什么隔了一个半小时才到？？这中间学校在干什么？	2
拜托目击的同学们出来发声好吗？如果现在听任学校摆布三缄其口，多年后一定会为自己的懦弱而后悔的！！！	1
令人惋惜！一个如此年轻生命竟如此骤然逝去……关注后续	1
应该有隐情，唉昨天是母亲节啊	1
为什么每个学校都是平日里监控好好的，一到有事发生了，监控就没了，希望国家好好查查吧@中国新闻网@人民日报@人民网	0
活生生的孩子去学校，最后家长只见到了骨灰???？还不让家长知道怎么回事？这换着谁都受不了吧！	1
坠楼？总有个前因后果吧？！为什么要隐瞒？为什么删监控录像？	1
孩子是家庭的全部，是母亲的全部一句走法律程序就所有顺理成章了吗？要还妈妈一个真相！生儿养儿母亲，连孩子离开这个世界的原因都没有权利知晓吗？要让大众知道法律是有温度的，法治社会是有温情的，法律不不该是用来欺负弱小，不是用来作为权力机关掩盖真相的手段！！痛心，孩子一路走好	2
越隐瞒，越有问题	1
这么恶心的学校?，	2
为啥子一到关键时候，监控就（）？	1
绝对有内幕不然怎么刚好监控坏了连家属都没有签字就把遗体火化了绝对有问题	1
求真求实，至善至美真是讽刺	1
良心大v敢发出来	0
抓学生谈恋爱耍手机监控无处不在，一到关键时候，人命关天了监控全都没了	1
一口一个扫黑除恶结果真的出事了就疯狂压热搜！平民普通人未免也太难了	3
砣子都捏紧了！	0
就在我们小区前面，唉	1
“实事求实至善至美”真可笑	1
警察还喊不要情绪化～哎，都做个人不好吗？	1
有没有要好的朋友	0
所以学校隐瞒了什么	0
这个救护车……推着来的。作为一个母亲太能理解了支持讨回公道。	1
所以6:40发生事故没有第一时间告知家长？所以八点半救护车来了之后也未告知监护人，所以救护车到了半个小时后才告知监护人她心尖尖上的肉没有了	1
好气愤，学校妄图掩盖真相，天理不容！啥子证据都在几个小时内被你们销毁了！	2
纯属好奇，没告知过监护人也没经过监护人的同意学校和医院有权利直接把尸体拉殡仪馆吗？我以为至少得放在医院妥善保存待警方调查吧。	0
痛心疾首！大好青年就这样没了	1
关注孩子到底是怎么死的	0
不是官官相护，是个锤子阿。就要个真相，不是这个辟谣就是那个辟谣的。是给了多少的好处，让你们买断了那良心，晚上睡的踏实你的。就不怕有一天你也会这样的么。学校的那八个打字，是忽悠人的么？一个孩子好不容易这么大了，你让家长怎样，有几个十来年阿，人命就值得么？	1
防民之口，甚于防川。真相终究还是会水落石出的	0
这学校太可怕了。。监控说没有就没有，无法无天！	3
我不信	1
一个10多岁青年突然跳楼，这是肯定得给家长一个交代	1
我不信谣不传谣，但给的通报和死者母亲说法大相径庭，还说死者家属无异议。完全和当事人说法不一致。愿意相信JF，但起码得拿出真凭实据让当事人和大众信服吧。。。	0
就离谱，为什么不让家长确认身份，直接就送殡仪馆了？	1
学生在校出了事情还特么无可奉告	2
这个学校真特么是好学校啊	0
天呐	1
这种事情发生在任何一个人身上都没办法接受，追查到底到底怎么回事	1
常理6.40高中应该上课了吧，不知道各个学校怎么安排地。	0
学校的操作看不懂，公布事实有那么难么？	1
哎，好可惜，哎	1
@脆甜柿柿子	0
每次都是没有监控，如果没有猫腻直接可以看监控。绝对删除修改了	0
凭什么不给看监控	0
就问一句，他为什么跳楼？	1
公开视频+打码，不就行了吗？	0
苏联解体前也是这样的呢	0
中国真厉害人民教师杀人放火，还掩盖事实真相，看来历史也是造假的吧啊哈哈哈您说呢	1
红绿灯高速路的监控都能人脸识别了，学校的监控出事儿就坏。	0
家长都无异议了，不知道网友嗨什么	0
#重庆一15岁女孩校内坠亡#还有这个	1
关注下化学老师	0
疑点重重◆18:40坠楼20:30救护车赶到21点通知家长◆学校拒绝家长进入拒绝家长看监控◆警察调看监控后发现唯独没有坠楼那段视频◆根据受害者母亲描述【学校拒绝沟通】表示走司法程序★我个人认为这是一种蓄意隐瞒犯罪销毁证据的行为企图不经亲属签字直接火化真相到底是什么学校要这样隐瞒	1
其实每次看到这种新闻，就只剩下深深的无力感，总会有人爱粉饰太平，其实确是个吃人的社会，这个母亲换做任何一个母亲，只要你的权力没有校长大，面对的都是同样的结局，这就是现实和无奈	3
应该由法医判断死因，再送去该去的机构啊	0
建议彻查	0
那几个大字“至善至美”这几个字现在显得多么恶心	1
六点四十坠楼，八点半救护车才到？？？这是认真的吗？	1
法治社会，我就不信作恶的人能逃脱法律，有罪的人不会一辈子心安理得。祝他睡不了安稳觉。	1
真讽刺啊求真求实至善至美	1
：@人民日报@央视新闻请看看这条微博	0
看完我窒息了，太黑暗了	3
这非常的有意思，不竟让人细品！	0
法律有什么用真让人心寒	3
把有关人员也一概拉去烧了	2
没有用的百分之九十的监控都是用来掩饰安装者缺点的受害人不是看不到就是监控坏了心里没鬼的监控可以随便放出来给大家看警察也是和稀泥只有东西塞到位	1
遇到事情从来都是先想着怎么逃避责任。当官的每一点责任心和担当	1
《求真求实至善至美》	0
@央视新闻	0
不第一时间通知家长，还不让家长见孩子遗体…里面肯定有鬼	1
点不起赞了。。呵呵	1
阿土，还是勇敢的，还敢发声。	0
不让见班主任的理由是班主任年龄太小，怎么，是怕工作经验还不久的老师在家长面前暴露什么吗？真的49中你们的种种做法，不要怪大家都觉得你们有问题！	1
吃土，你去发现一下真相	0
这是什么社会？旧社会都不如……	3
有可能当时坠楼还有生命特征，学校故意拖延时间不报警抢救，尼玛学校就是刽子手，杀人犯！	2
他的同学没一个发声的吗？这多大的官威？威胁孩子谁敢说出去就开除，太黑暗了，同学一起实名举报吧，这样谁敢开除，直接把校长给开除了！	3
这种学校不关门还留着过年吗？	1
有可能是几个娃儿疯到耍，不小心推下去得，仅仅是猜测，具体还是要以官方通报为准。	0
我不相信全班同学一起对外发声，学校敢怎么样？筷子一捆断不了的原因，这些孩子不明白，大人还能不明白？！	1
明白了这学校有猫腻	1
就离谱。看了让人生气。天啊。	2
很特色	0
#成都四十九中回应学生在校高坠离世#希望地方媒体自媒体都像土哥这样多报道点有用的多问问，不要太官方了吧	0
这个社会简直太黑暗了，好不容易养到17岁的孩子，说没就没了，是我都疯了	1
哈皮学校，爬	1
救护车为啥来的那么迟？	1
悲哀！	1
这些领导这么做晚上真的睡得着吗？？？	1
求真相！	0
到底发生了什么？	0
#成都49中回应学生从楼道坠亡#	0
不是帮学校洗地，我以前看过法医写的文章，他们解剖是在殡仪馆，不是医院。	0
家长只是需要知道一个真相，不明白学校遮遮掩掩要干嘛	1
救护车走了那么久？还是根本等孩子没呼吸了才叫救护车？？？？？？	1
土哥，感谢你为这个妈妈转发	0
这是什么救护车1个多小时才到	0
已经开始chipinglun了	0
这么快就开始吃评论了？	1
逝者安息，家人节哀???希望相关部门做好防范措施，这种事情亡羊补牢，为时晚矣！追责也必不可少！！！	2
可惜了，	1
家长失子是可怜，但是经验告诉我，这种立场下发表的言论绝对存在为了引起关注的刻意夸大，隐瞒一些情节，添加主观猜疑等等问题，是不能全信的	1
太可怕了	1
真是越来越不懂了，现在连学校都尽出些藏污纳垢恶心至极的事！这背后到底有什么见不得人的东西！吐了！	2
为什么不是第一时间告诉家长？!	1
受教几十年，对警察公安局从小在心里有比神更强大的信念，但是当人生遇到最无助需要他们破案帮助的时候，你总能得到一个撕心裂肺，无可奈何的，挫败到极致的无助	3
太黑了，严厉彻查，还受害者及其家人公道！	1
真的没想到教书育人的地方居然会如此不堪	1
救护车从哪开到学校要两个小时？凭什么直接把遗体送去殡仪馆不能尸检？	1
咱的监控啊，怎么总是这么不争气？	1
心脏停止跳了就不去医院吗什么操作	0
可以让四十九中的学生去知乎匿名评论一波	0
那么集中的时间段和学生闭塞的生活圈，想知道真相一点不难，估计难得是怎么撒谎怎么包庇罪犯	1
这种通报怎么可能被接受？	1
这个好像说是他杀？	1
ChinaNo1	0
转	0
#成都学生坠亡事件有哪些疑点#转	0
绝对有鬼，尸体送到殡仪馆才通知家长去警察局而不是第一时间来学校，可以肯定学校的利益相关方杀了孩子	1
@薯条烤肉卷	0
@央视新闻@头条新闻@人民网@凤凰网视频	0
#央视网评成都49中学生坠亡#	0
哎，感觉这件事，可能央视媒体曝光都没用，教育系统很黑暗的	3
一个多小时确认身份就很搞笑第一时间不打急救电话？还要确认身份？先急救不行？	1
疑点重重，学校本是教书育人的地方，太失望了	1
请一定引起相关部门的重视，彻查到底	0
2021了，监控闭眼，警局官媒学校教育局沉默，发个全文逻辑不通的通告，难以服众。一系列匪夷所思操作比如直接送去殡仪馆可否有个解释？如果大家都任由真相淹没，那谁又能保证同样的事发生在你我身上，谁又能为我们发声？坚决要求给出真相！！！	3
唉，家长账号已被封，就是玩儿	1
养到17岁得多辛苦啊…	1
学生确认身份需要一个小时？？你在逗我？	1
昨夜全国轰隆轰隆的雷声还真是应了那句“大雨中百鬼夜行有人混在其中比鬼还高兴”	1
评论已经点不开了	0
#教育局通报成都四十九中学生坠亡#	0
监控都是掌握在部分人手里.想坏就坏	0
不知道能不能未来咱们公安机关可以直接管理所有机构场所的监控，每天都实时自动上传备份监控视频到公安网络，这样就不会每次都是关键部分的监控视频莫名其妙就不见了	0
真是大无语，就这么搪塞人嘛	1
既然都说网传信息都不是真的，那麻烦把孩子自杀的证据放出来！！学校辟谣倒是很快	1
上午祝妈妈母亲节快乐，下午就天人永隔。儿子的死因迷点重重，学校的敷衍和阻挠，走投无路的迷茫，这个母亲该多难熬	1
不让法医仔细检查一下？	0
如果监控真的可以说删就删的话那就不要安好了吧	0
家长是想知道真相，毕竟这么大事，还隐瞒，孩子好好的突然没了。	1
其他不晓得，但是我知道一点。我朋友原来是那个学校学生，说学校体罚学生是常态，什么棍子打手心，踢人，用黑板刷砸脑袋，然后随意翻查同学书包，做操不用功重做十遍，英语错误罚抄20遍这都算小事情	1
我只是搬运工不晓得这个信息有没有用?评论配图	0
干净利落的给相关人员处分下岗这样的事会有可能发生吗？	0
这让我想起了电影大人物里面的一个情节反正这个事情充满了疑问可能是事情没有发生在他们学校的老师主任校长。自己的孩子身上，所以他们就不会特别积极主动。	0
太过分了，学校有什么权利直接把孩子拉去殡仪馆啊，家长连孩子面都没见到，这里面是有多深的水，必须给孩子家长一个交代啊	1
作为一个母亲看不得这样的悲剧，你们太残忍冷血了，请给母亲一个交代	1
凭啥他就给送去殡仪馆了？这程序有问题吧	1
一开始说从楼道，又说是高空……	0
学校为什么闪躲？	1
学校所有的不正常行为都是为了保背后这个人这是在成都哦官再大也大不到帝都吧这个人背景和后台是上天了吗让学校做那么匪夷所思的事	1
这个事件反映出太多东西了	0
好多疑点	0
殡仪馆不需要父母签字可以火化一个人吗？	0
希望民众和良心媒体冲破一片繁华之下的黑暗	0
什么狗屁世界	3
怎么回事呢	0
求真求实，至善至美，真是讽刺	1
这还是学校吗？好可怕	1
这妈妈和儿子看面相都觉得是很好的人啊，凭什么啊	1
这是一个母亲的孩子，学校凭什么这么做	1
重点提醒，知行楼是老师办公楼	0
想问不经监护人同意做的一系列操作，可以告这个学校不，太可恶了	1
W校有什N嗬私自把人拉去x^火葬啊...@成都共青团@共青团中央@澎湃新闻@人民日报	1
这怕不是学校是地狱吧	1
希望你这条微博明天还在，谢谢正义	0
天呐真是要疯了太可怜了	1
狗领导	2
救护车是现场组装的？	0
不让家长见孩子，直接拉去殡仪馆！到底是心虚啊想藏着什么啊？！#成都四十九中回应学生在校高坠离世#	1
不管这个妈妈能不能看到，反正这要是我的孩子，我一箱汽油倒在校长办公室里，都别活了	2
殡仪馆不经过家属同意直接火化遗体？	0
#成都49中#真相真相真相真相真相真相	0
求真求实？！	0
至善至美？！	0
家长好可怜啊，孩子这么大，说没就没了。。。	1
这不说清楚不要怪我误认为是教师那啥。。。	0
这学校也太黑了吧？？	1
微博是个好东西，堪比媒体堪比线上公安局线上法院。不发出来，真是层层被压下来了。支持这个妈妈??。加油	0
学校是教书育人还是杀人的地方？让妈妈见孩子的遗体都不行吗！这么大的权利谁给他们的！	2
当地媒体都不报道，学校后台很大嘛！	1
#成都49中#	0
@人民视频@人民网@人民日报@央视新闻	0
必须彻查！！！	0
这个学校应该隐瞒了什么吧	0
最终也只会是赔偿息事宁人	0
#成都49中回应学生从楼道坠亡#看得我又揪心又生气	2
太气愤了	2
老百姓想平平安安活着怎么这么难	3
学校在虚啥，为什么删监控	1
什么世道？配为学校？配做学校管理者？	2
1.校长儿子推下去的老师帮忙掩盖2.老师把学生骂的没有自尊老师帮忙掩盖3.谈恋爱分手4..........	1
学校门口立着的求真求实至善至美几个字看起来真讽刺	1
一个学生，是知道了什么吗，要是自己跳的直接放监控就好了，遮遮掩掩的以为大家都是傻子吗	1
有人告诉这个母亲水太深？儿子没了，养个孩子多难，好不容易养到高二，怀、生、婴幼、小、初、高，17年啊，太难了。说没没了，还隐瞒父母知情权，真的走投无路，这个妈妈真的会拿生命祭奠！赶紧真相大白，不要发生悲剧	1
希望真相能够水落石出?	0
最近的医院才一公里啊，两个小时救护车才到？？？散步都没那么慢吧	1
这种校领导还留着干嘛？！	2
监控录像就算删了，从存储设备里应该也能恢复的，如果连这个都做不到就可以把学校采购监控设备的责任人下课了。。。	1
“求真求实至善至美”有够讽刺的	1
给说法	0
这事没完	1
看完真的很愤怒，无法用言语表达，这样的学校有什么资格教书育人，这样的警察有什么资格为人民服务	2
真的让人齿冷	1
我光是看这位妈妈的话就已经忍不住流泪了，太心痛了，那这位妈妈呢，想象不到她有多崩溃	1
“求真求实至善至美”	0
学校肯定有幺蛾子	1
唉，想起毛洪涛了。	1
是哪些媒体能对受害者家属说出不要白费力气这种话	0
这个妈妈，除了要继续坚持要结果外，我建议直接找律师起诉吧	0
第二张图“求真求实至善至美”	0
妈妈做的挺好的了，知道有事儿拿来给大家看	0
学校必须给出清楚的交待，水到底有多深，我倒是要见识见识看看！持续关注！	0
天，咋回事啊！尽快调查清楚！	1
这几个大字希望学校自己真的能做到?评论配图	0
请法律还逝者公道	0
这学校是有多大的权力？剥夺一位母亲看自己孩子的权力？	1
求真求实至善至美真是讽刺	1
不通知家长直接拉去殡仪馆？？？？	1
学校绝对有问题，为什么要这种三缄其口，掩盖事实	0
上热搜啊！！	0
公众要真相，这是学校，不是其他的什么地方，黑学校吗	1
莫名觉得是真相//@2021我和金韩彬大发的一年:卧槽绝对有阴谋，要不就是校园霸凌霸凌的孩子是官二代，家长找关系不让学校爆出来，要不就是老师霸凌学生//@南城旧少年寄奴:这里面有点东西，学校到底想隐瞒啥子……？	1
为啥不拉到医院？？？	1
@最高人民检察院@人民网@共青团中央@中国新闻网@人民日报@央视新闻@新京报	0
这太可怕了我们蹲个后续好扩散情况永远避坑	1
不知道说什么、	1
快两个小时救护车才来，坠楼的时候没人看到？呵呵，荒谬	1
学校凭什么火化？？？？？？	2
孩子死了，学校直接送殡仪馆了？你学校算个屁呀，有啥权利干这事，人家长同意了？	1
医院距离学校只有10分钟路程?评论配图	0
看的头皮发麻	1
都他妈什么时代了学校还是这等混账东西！	2
我的妈呀这个世界怎么了	1
遗体没经过父母同意学校直接拉去殡仪馆烧了？？？？这是21世纪的事？	1
一直都很害怕这类事情，因为我们都有兄弟姐妹或者以后也会有可能为人父母，真的面对这种事情的时候很无力	3
怎么可能没有监控欲盖弥彰！还母亲一个真相！	1
给家长交代，给公众真相	0
那段监控呢？被删了？还是摄像头突然坏了？	1
我天。。@红泥小火炉i_	1
监控已经失去了本应该的作用	0
求真求实，至善至美，真恶心，真讽刺	1
唯独出事那一段监控没了，学校想隐瞒什么？	1
太嚣张了，这个学校无视法纪，无视人命，咋了想一手遮天啊	1
老是发生这种校园事件，可是到最后了无声息了。	1
“求真求实，至善至美”讽刺，太可笑了	1
平时让写检查都是几千字，发个通知这么点字的解释就完了?	1
扫黑的电影才出来....居然这种草草了事的事情真的会在身边服	1
是不是因为学校设施有问题，学校才这么心虚？？？	1
k	0
?啊，这学校	1
#成都四十九中回应学生在校高坠离世#求真相，5点40到校6点40坠楼中间这一个小时到底发生了什么，怎么刚好监控就没了。救护车8点半，距离出事时间近两个小时，什么时间打的120，出事为什么不第一时间通知亲属，而是等人没了警察通知家属。整件事有太多的疑问，学校在中间又充当怎样的角色	1
为什么不通过家长直接火化了？	1
看着心都要碎了	1
太不要脸了这学校	2
学校在隐瞒什么	1
这学校无法无天了里面有着不可告人也不可以这样做真的是无法无天	2
“求真求实，至善至美”	0
不给监护人看尸体，这完全说不通啊	1
什么叫背后的水太深，让人别费力气了？现在不是法制社会吗？	3
这…没监控？？？？？？？？	1
肯定有问题，这个学校	1
我们初中学校之前有学生也是两个人去下河玩一死一伤学校封锁消息	1
人民日报的发文你看了吗	0
一具尸体不送去停尸间送哪里？送你家吗?	1
#成都49中##成都坠亡学生家属不认同教育局通报##成都四十九中回应学生在校高坠离世##成都学生坠亡事件有哪些疑点##教育局通报成都四十九中学生坠亡#希望真相大白！	0
连班主任都找不到？没人回复？心里再不稳定有受害家庭心里难熬？这点素质做什么教育工作者	1
家属无异议？？？？真的说的出来	1
有异议！！今晚家属还在学校门口维权	1
在其位谋其政，干好自己的本职工作，还原事件的真相，	0
如果背后很黑暗，她父母都容易被人威胁等等，最后这个案子当事人也不追究，网友也没办法，哎，那个玛莎拉帝都多少年了，人家还没死刑呢当权利站出来的那一刻，金钱都沉默了	1
认定坠亡属实，但原因呢?认定坠亡的部分大家都知道啊，大家想了解的是原因好吗	0
我认为学校在确定了学生身份后应该通知家长来接孩子。为什么学校擅作主张将孩子火化。还是为了掩饰对学生做过什么	0
哪个位置上缺个人不就几分钟就能清楚的事吗？？为啥要了一个多小时确认身份？？？	1
为啥总是在关键的部分没有监控呢	0
问题这事情不是说，家属没意见就过去了啊？！还有那么多公众呢？这已经是一个引发公众巨大舆论的事件了，如果这么草率就结束，只会寒了无数一直保持着良善的人的心。后续就会有无数效仿者，会给社会带来极其恶劣的影响。	3
一堆人添油加醋到处伸张正义，家属转眼就和学校和解了…留下一地不甘的正义网民…说真的，这件事，看着就简单，家属有点过激，言论有点乱（毕竟咱们自己也许碰到的时候也好不到哪里去），舆论爆了，各种势力浑水摸鱼往大了搞，领导重视，居中调解，案情也没什么太离谱的地方，家属见好就收。???	1
信你个鬼！	2
我经历了什么？我该相信谁？家属无异议了	1
5月11日下午，公安机关已依法将调查结论告知林某某家属，家属对调查结论无异议。我是兔子我是兔子，这样吗？	1
持续关注中…	0
上着课突然请假出教室是收到了谁的短信让他到某个地点	0
现在的学校接二连三的出事学校都变味了	1
孩子最后一面都没看见，学校快点放监控	0
真的太希望娜诺去他们学校了！	0
当金钱站起来说话时，所有真理都沉默了	1
为什么孩子刚出事，不通知家人，过两小时才通知	0
请问孩子坠楼之后的一系列操作有监控吗孩子出事前一系列操作有监控吗	0
持续关注	0
班主任年龄较小是情绪不稳定还是怕年纪小说漏嘴被看出破晓？	1
对！好几天了！一直回避关键信息！网上就好几个版本！从来都说不清楚？？这还是学校吗？？黑涩会…	3
学校解释确认身份花了一个多小时，所以8点过才通知家长。该学校最高5楼，至于摔的血肉模糊，不易辨认么？	1
成都是官官相护的天下么？是黑社会的天下么？请还原真相，不要遮遮掩掩，还公众和家属一个公道，毕竟谁都有孩子，可能再次发生在任何人身上	3
不能只听片面的声音，如果只听家长一方面的声音，肯定会得出不一定真实的结论。家长之前言之凿凿的说救护车是晚上八点多钟到的，但查询了救护车的出车记录，当天晚七点前就出动了，到达现场后诊断孩子已没救了，才把事情交给了公安部门；救护车返回医院时时间才是晚上7:31。	0
请给孩子一个交代@四川公安@平安成都@共青团中央@央视新闻#成都学生坠亡事件有哪些疑点#	0
看一次哭一次快点出真相吧我也不信他是不小心摔得	1
关键时刻丢视频的问题，如何解决！哪个老师删除的视频，是不是毁灭证据，要坐牢！	0
回复@LL_李小枫:有人说救护车是7点之后到的，希望官方能解释	0
还造谣呢？？？	1
现在普通人民的生命没有任何政府部门关注吗？就让学校这样一手遮天？	3
他的同学呢？大家都一点不知情吗？	0
？？？确认身份？？？？搁这又把网民当傻子呢	1
一，救护车为什么会那么晚才到？二，为什么6.40分坠楼家长九点左右才知道？三，为什么事发时间段监控没有？疑点多的不是一星半点儿不拿出一分证据却在那十分的否认一切事情	1
删除键控也是有操作记录的，没有厂家后台进入操作记录是无法删的。	0
知情的同学们给你们个建议也别说什么打电话给游戏里的网友什么国外的朋友了那都能查到我跟你们说苹果手机的写在备忘录里截图下来隔空传送给公交车地铁站路人的手机上让他们给你们传播这个根本查不到的???（在评论里看到的请传播这条！）	1
#成都学生坠亡事件有哪些疑点#什么脑瘫学校，操作怪恶心人的	1
只能用双黄连复活当事人才能查明真相	0
到底在隐瞒什么？太可恶了。	1
不是细节需要完善，是需要把瑕疵给圆上。重点就是监控，最重要的地方怎么可能这么巧就没有了	0
太假了，二个小时才发现，学生没在上课，老师会不知道吗，不会去找吗	1
#成都学生坠亡事件有哪些疑点#讽刺啊，在学校发生这样的事。以后还有谁敢去学校。还说学校是培育国家栋梁，现在学校简直是在国家建设的路途中的绊脚石	1
请学校还原监控！暗箱操作不答应。	0
家长记得要求验尸体，绝不能放弃一点线索。孩子没了，学校不作为还在掩饰，有没有搞错。法医法医一定要好好验	0
有没有同校的同学可以出来说一下情况的，不要隐瞒，也不要说谎，良心会受到谴责琉璃	0
@李雨寒li	0
回复@巧克力饼干是甜甜der的表态:其实我也是这么猜的，很有可能，就是很恶心	1
班主任年纪小？班主任情绪不稳定？班主任能有孩子年纪小？班主任能有孩子家长情绪不稳定？	1
是没死透吧，给杀了才叫的救护车	1
太可惜了，心疼。	1
孩子妈妈微博好像都给关了，打不开了，这朗朗乾坤……	3
要不同学霸凌！要不老师骂了他！	1
热搜不要降！	0
难道成都比北京还堵么？？救护车是人拉到学校的么	1
哪个孩子、怎样的孩子，才会在母亲节跳楼自杀？	1
有种就把监控拿出来	0
大写的查	0
一出事监控没有了，就是有所隐瞒了。	0
这学校，真他娘的缺德啊，教书育人地方，怎么如此的肮脏不堪。	2
警方的事情，教育局就代理了？还能这么处理的？还有家长连孩子最后一面都见不到，校方直接送走？第一时间家长还不许看看现场？啥都给校方处理完了，等着再来招魂呢？？？	2
@你的女孩不会背离你远走	0
真的要还公众一个真相，学校的做法是在把所有网友当傻子吗	2
一个多小时确认身份。我智商非常低，智商高的朋友帮解答一下可以吗	1
普通人就这么难吗？	3
学校那个地理位置离成都殡仪馆非常近，开车估计十几分钟就到了，貌似很方便。。//@Rviiii-:这他娘直接拉殡仪馆？？？？直接不通知父母就火化了？什么骚操作//@南城旧少年寄奴:这里面有点东西，学校到底想隐瞒啥子……？	1
#湖南涟源坠亡中学生家属发声##少女坠亡母亲悬赏20万求真相##成都49中##重庆一15岁女孩校内坠亡##山东莱阳一中16岁女生校内离奇死亡案件#	1
@成都成华教育发布@成都成华教育发布	0
主要是自杀的理由不充分。。孩子为何会突然自杀，事发前根本没征兆，所以自杀的说法太可疑～	0
有人知道孩子是直接送去被火化了吗？父母有没有见到孩子至今为止？身上有没有虐打伤痕？	1
从上到下烂透了，就这么对待老百姓	3
一个多小时确认身份？每个学生不都是有档案的吗	0
成都官媒也是集体眼瞎，只有健康时报敢去采访，成都水好深	1
猜测：老师说了什么或者做了什么刺激到了学生，学生一时想不通，就跳了。学校为了声誉掩盖事实。	0
国内的监控都是关键时刻损毁的	0
痛心痛心！！	1
救护车七点多就到了知乎有人目击	1
应该有拨打电话的记录时间，还有救护车的行车路线，2个小时，太他妈狗了！	2
父母都没有见到孩子的最后一面，好心痛哟，	1
监控是被删除的吗？应该是可以通过技术手段恢复的吧，等调查结果，这个过程看起来确实疑点很多	1
学校有只手遮天的能力？？？！	3
真的好难受好气愤！孩子的父母该怎么办	2
事情当时发生了就应该马上通知家长，事情都发生了再拖也是纸包不住火，好巧不巧其他时间段都没事，刚好事发那段时间没有监控是在包庇谁吗@成都公安局	1
人为人母，真的不敢看这样的新闻，这样的报道，真的心痛如麻，悲痛欲绝！一定要让逍遥法外的罪魁祸首得到法律的严惩！！！还家长真相！！！！	2
我懵了一会是楼道坠亡一会是高空坠亡到底是楼道摔下去的还是跳楼	1
联系班主任不回复，校方解释班主任年龄小工作不久情绪不稳定。这不就是明目张胆的捂嘴吗？？？	1
这个学校不是2013年就安天网了吗怎么没有监控呢这踏马的侮辱大家的智商呢	2
身为一个家长，真都不知道该怎么活下去。希望能给孩子一个公道，给家长一个真相！	1
不应该第一时间跟家长说吗，还有救护车怎么那么晚来	0
直接送到殡仪馆？？？？尸体也不让看？？？	1
“我们从未给孩子任何压力，只希望他健康快乐就好。”哎，泪目。	1
一定要彻查到底	0
如果是个人问题为何要去教师办公室自杀？学校太可疑了	1
回复@南城旧少年寄奴:隐瞒什么已经不重要了这些隐瞒和疑问都是此地无银三百两――具体细节大家不知道――但是这个林同学的死，毫无疑问，一定涉嫌刑事犯罪。	1
有很多疑问但这些疑问都是此地无银三百两――具体细节大家不知道――但是这个林同学的死，毫无疑问，一定涉嫌刑事犯罪。	1
#少女坠亡母亲悬赏20万求真相##重庆一15岁女孩校内坠亡#	0
#成都学生坠亡事件有哪些疑点##成都警方回应四十九中学生坠亡##成都坠亡学生家属不认同教育局通报##教育局通报成都四十九中学生坠亡##校方否认学生坠亡与化学老师有关##成都49中#	0
既然是知道6.40坠楼，那必然是有人看见了……为什么救护车8点多才到……。也是很无语啊。	1
难受，本来恐育的心理更上一层，隐约高中时听说一个校友午休过马路意外车祸，ta的妈妈听到消息瞬间疯了。本身就要承担着无法预测的未来，现在又要面对黑不见底的真相。	2
我就想说，学校不通知家长凭什么把孩子送到殡仪馆，不应该第一时间叫救护车然后通知家长吗	1
每次出事，关键时间段的监控必坏……	1
学校有权利直接火化？？？	1
#成都学生坠亡事件有哪些疑点#求真相不要把公众当傻子谢谢	1
我想知道评论区没有一个目击者吗？或者身边同学发生？真的要闭嘴吗？发生的话不让参加高考？记者可以暗访找到同班同学了解下	1
知行楼是学生教室所在楼栋吗？	0
爸爸的最后一句话要看哭了真的好揪心啊	1
#成都49中回应学生从楼道坠亡#这么个品学兼优的帅小伙怎么可能会自杀，任谁都不会相信的，何况是父母。学校在遮掩什么，希望警方不要徇私枉法，一定一定要调查清楚，凶手必须得到严惩还家属一个公道！！	2
@成都49中5.40上学6.40坠楼8.30救护车到9点通知家长没有生命体征直接送了殡仪馆【没去医院】这期间不让家长进，当妈的连孩子面都没见到监控刚好没有这一段监控拿出来监控拿出来监控拿出来监控拿出来	0
如果这件事情就这样不了了之天理难容	2
校方是这样考虑的吗？反正死无对证，人我也火化了，我怎么解释都可以，关键证据都被我校毁灭了，我有背景，你能奈我何。舆论过去了，学校照样风生水起。	1
如果只是简单跳楼自杀，把监控拿出来证明学校清白啊！！！	0
#成都坠亡学生家属不认同教育局通报#不让看监控，出事两个小时才通知家长，孩子家长连孩子最后一面都没见直接给拉殡仪馆了，md还是人吗	2
监控为什么老是关键时刻掉链子？草菅人命	2
回复@秋秋儿:疑问：1、在孩子出事后学校为什么没有及时通知家长？2、救护车为什么在孩子出事两个小时后才到达？3、为什么缺失出事时间段的监控？4、为什么有人声称同学们被要求不能发声？5、为什么孩子在教师楼出事？6、当时到底发生了什么事？如果是自杀，动机是什么？	0
回复@成都吃土青年:疑问：1、在孩子出事后学校为什么没有及时通知家长？2、救护车为什么在孩子出事两个小时后才到达？3、为什么缺失出事时间段的监控？4、为什么有人声称同学们被要求不能发声？5、为什么孩子在教师楼出事？6、当时到底发生了什么事？如果是自杀，动机是什么？	0
太离谱了。班主任也不让见。年龄小情绪不稳定干嘛让人做班主任？？20多岁的人了唉。百般拦着家长是为啥，然后又出个侮辱人智商的公告。。。合着真相是学校说了算吗	1
回复@LL_李小枫:疑问：1、在孩子出事后学校为什么没有及时通知家长？2、救护车为什么在孩子出事两个小时后才到达？3、为什么缺失出事时间段的监控？4、为什么有人声称同学们被要求不能发声？5、为什么孩子在教师楼出事？6、当时到底发生了什么事？如果是自杀，动机是什么？	0
为什么当天不敢给家长看监控，当然是因为要做点手脚啊，真相怎么能给家长知道呢，因为心里有鬼啊	1
班主任年龄小情绪不稳定所以不出面	0
里里外外都透露着诡异，不合常理	1
只求监控视频只求一个真相正义良知事实事实还众人一个事实	0
当你是写小说呢监控说没就没？	0
这是哪个位高权重的领导，在这瞒天过海、徇私枉法呢？！！全国人民都撬不动一个学校的监控，等不来一个证据齐全的真相吗？！！	2
真的气死人，这个p学校	2
监护人没签字就直接送火化场，孩子坠楼花一小时确认身份，六点坠楼，两小时后通知家长，还有那神秘的监控视频，疑点满满，却回应了个寂寞	0
给监控!给监控!给监控!!!	1
@Joe是大感动	0
一出事就是心理疾病	1
那父母到底知不知道有出国留学这个名额这回事啊？	0
看哭了希望真相早日大白	1
！别沉下去了.....	1
一定要关注起来！为什么不给看监控？！不给看监控的合理解释！才是重点！其他类似于化学老师什么的都是烟雾弹！我们要证据！	2
热搜别降	0
街上死个流浪汉都要存放尸体等家属认领，为什么一个好好的孩子就给直接火化了，谁给的权利，为什么不让父母见一面，太气愤了。学校处理这事的人没有亲人吗	2
救护车2个小时才到？不可能三。	1
@万古长青v_v1857104454:按按常理，学校为了推卸责任应该主动第一时间公布监控视频，同时让死者父母亲自观看现场，这是常识。可是学校遮遮掩掩欲盖弥彰，监控不让看，父母不让进，到底在掩盖什么？	1
图片评论O网页链接	0
拉到殡仪馆就很蹊跷，是孩子最后一面是家长不能看的么？	1
为什么不让同班同学和班主任联系家长？此外在事发时，到底是人命重要还是确定身份重要？为何校方要花一个多小时的时间来确定一个从楼道坠落的学生的身份之后才能叫救护车？为什么家长还未到达就擅自将尸体送去殡仪馆？为何送殡仪馆就如此迅速？处处是疑点，而官方均未给出心服口服的回应。	1
从坠楼到救护车到现场，足足两个小时，可见这个时间内学校单方面采取了不为人知的措施，背地里的活动只有学校自己知道在隐藏什么	1
用一个小时确认孩子身份？哦了不起学校是有多少人？把所有班主任喊来看一眼5分钟不到的事情就解决了好吗？	1
欲盖弥彰	1
一个多小时确认身份？你们是瞎了看不清人脸，还是学校有一万亩，老师过来要搭地铁的？？？？？？你们商讨了什么？商讨之后还是决定不给家长看尸体？商量不出对策？避而不谈？那么尸体到底能看到什么？	2
看的我四十米大刀都要扛起来了	2
太难过了	1
#成都坠亡学生家属不认同教育局通报#‖#教育局通报成都四十九中学生坠亡#	0
央视已经公布合作邮箱了，这难道都能查到么？邮件不用实名，看看有没有那个还有没有勇士了	0
当初我学校发生坠楼事件，第一时间就是救护车，维护事发场所，等警方等等，这个学校到底在心虚什么	1
023-83090365	0
#成都四十九中回应学生在校高坠离世##成都学生坠亡事件有哪些疑点#	0
居然跑出了教室，去了别的地方5搂，真迷	1
笑死，不拖一点时间我们怎么串口供，露馅了怎么办	0
遮遮掩掩，态度傲慢，真是恶心。	1
现在这个社会早就不是强权当政了！学校及其有关部门为什么还要欲盖弥彰？	1
@央视新闻央妈这个时候为什么不报道？一条鲜活的生命？难道就是因为他只是一个普通百姓不足挂齿？	3
事出蹊跷必有妖	1
到底是为了隐藏什么，一个教书育人的地方竟然可以做到一手遮天！！！！求真相很难吗？孩子都没了都没及时通知家长	3
我不会相信用了一小时去确认身份，老师及领导发现学生坠落，会非常紧张，会立即喊各个班级的老师去查看班级里面的同学都在班级没有，而且无论是谁都要立即叫救护车吧	1
公开监控，解释为什么直接送殡仪馆	0
家长真的不知道有多心痛，一个好好的家庭，就这样毁了。希望尽快查清！给家长一个交代！	1
中国能不能指定一个法律法规，像学校这种监控丢失的，就直接认定是学校的责任吧	0
接着躲吧，事件会发酵的更大，毕竟是人命，躲不过去的！学校这是聪明还是傻，要办了错事，早晚都要接受惩罚，何必一直拖拖拉拉，遮遮掩掩，早说比晚说强~	1
哎连孩子最后一面也没见到爸爸妈妈的心得多痛年纪大了越来越看不得这种白发人送黑发人的事情了	1
49中的校长老师大概都是没有儿女的吧	1
别提阴谋论带风向。怎么着?谁提阴谋论谁站出来告诉我你自己孩子出现这种问题你坦荡接受学校单位不经你允许私自火化?人性角度我都不提了，自己想	1
学校和教育局到底想包庇谁，想隐瞒什么呢	1
查出真相！	0
这个家庭现在是生不如死，学校就是各种推的干净	1
一个小时确认身份？？？？？？？？你这个学校的办事效率很nice啊，那还有一个小时干什么去了？删监控找关系？	1
@羊崽饿了吗	0
这迷惑的新闻看完了还要去排练那首《不忘初心》	0
救事实	0
从事发到通知家长，事发当时监控也一直没公布出来，没去医院直接拉到殡仪馆，这么急吼吼的，学校到底是在遮掩什么？？	1
警方的回覆也U耐人の丁讣需M一步完善」的_是U需要完善的不然怎N解@消失的尚r呢	0
没有人性，太冷血了！除非是想隐瞒什么，否则不会这样躲躲闪闪的，太可怕了！	1
没有不透风的墙	1
这是黑社会？	3
学校在没有告知家长的情况下直接拉去火化了，这是什么操作？	1
上次成都党委书记毛洪涛自杀的事情就被一拖再拖都快被人遗忘了吧，这次又是49中，政府应该好好查查了吧	1
几楼跳下？高吗	0
学校不存在体罚，老师不骂学生是绝对不可能的，初中绝对有，这是每个学校的通病，还有就是有钱人家的??干的，想要压下来呗	1
不知道学校在救护车来之前将近两个点在干什么。	0
持续关注49中，沉默的真相!	1
阿姨微博里有一句她找过媒体但是媒体说水太深	1
刚看完了暴裂无声，电影就是讲述的现实生活	0
堂堂一个省会城市居然没得救护车，要从其他省分花两个小时调来救护车？？？？太搞笑	1
走法律程序是什么意思？学校就这么冷漠？	1
官大一级压死人，巡回检查组，人民的正义	3
突然感觉校门口那个“求真求实”有点讽刺啊	1
感觉跟教育有关的事件，政府都害怕造成不良影响然后拼命捂真相	1
不是老师就有背景的同学杀害的！妥妥的！	1
#成都学生坠亡事件有哪些疑点##成都坠亡学生家属不认同教育局通报#	0
阴谋论太多了	1
为什么要隐瞒，第一时间不该就医吗？	1
什么叫不要情绪化?为什么不给看监控?为什么不第一时间通知家长，又为什么警告其同学不要说话?无语	1
它们在隐瞒什么？它们在惧怕什么？遮掩不住的，赶紧公布吧。	1
一个十几岁的孩子都不放过	1
没有监控怎么知道是6:40坠楼这么精确？救护车没油了骑着自行车20分钟内也得到了吧。根本就是有隐情	1
时间线不符合常识逻辑，我不是侦探，作为一个普通人这么反常的时间线，必有蹊跷。求国家公安机关还受害者公道	1
其实和学校有没有关系另说，但是学校的处理方式很迷惑人啊，感觉思路正常点都能感觉有猫腻：1、出事120正常，为啥隔了一个多小时才到呢？2、出事不管有没有关系，不得第一时间通知亲属吗？3、监控有就是有，没有就缺失。你给人家亲人看一段，唯独出事的没有就过分了。	1
我给巡视组打电话了，他说今天反应的很多，会给领导反应的。尽自己微薄之力吧	0
坠楼到救护车到为什么需要这么长时间，忙着删监控录像呗	1
是不是这个学校还真的是有黑势力的？	1
当天为啥不给家长看监控？！如果真是自杀看了监控家长也不可能闹到这一步，就算闹学校也有理，还偏偏这一段没监控，如果真不关学校的事学校当天就会发监控给家长看，现在摆明了吧证据毁了而且不怕家长闹。因为他们知道没人管。	1
给家长看过监控了，包括跳楼之前自残的片段她都看了，但学生坠亡的地方在交接两栋楼的露天走廊，本来就没有安监控。	0
做为一个母亲看到他妈妈写的这些直接泪目好心疼好好的孩子好好的家庭	1
命案监控永远不完整，为什么电视总是这么演，因为现实永远那么真	0
到底是怎么回事？	1
真的太可疑了	1
我的直觉！这个问题真相会涉及到同性	0
太可怕了，关键的一段监控就没了？	1
6点40坠楼，晚上8点半救护车到~~~~这条信息如果是真的，基本就可以断定，孩子属非正常死亡。联系到成都大学党委书记毛洪涛，四川师范大学教授庹继光事件，成都的教育系统让人不寒而栗，谁还敢把孩子送去成都上学?	1
有知情的吗透露一点信息，是不是这事不在网上暴露出来，家长就永远讨不到公道，不知道真相了。	1
能不能加条新规，以后监控缺失等于犯法	0
后面教学楼上的字太讽刺	1
#成都坠亡学生家属不认同教育局通报#到底怎么回事？	1
时间是最大的疑点就算自杀就算第一时间未发现但为何家长知道这么晚	1
6.40坠楼，8.30救护车才来！！！就算当时没S等到8.30也早没气了！！！这是谋杀啊！！天理何在！？？	2
你说的对。还不及时止损，越烧越大。	0
顶?顶?	0
哎哟，校训可是求真求实至善至美，校领导看着不心虚吗？	1
好痛心，还他一个公道！	1
@Zula-yat	0
好像还不是跳的楼家长说是从楼梯上这要是说自杀谁能从楼梯里滚下去自杀	0
难道是看到了什么不该看到的东西被杀人灭口，不然为啥有没录像还直接毁尸灭迹，这别怪我心里阴暗哈，最近看柯南思绪有点飘，见谅	1
其实现在的科技和技术手段，监控删除还是可以查出来的，当然这个就复杂点了，也不是普通老百姓能左右的了。	3
走法律程序，说得好像谁要敲诈它一样。人家是想知道真相吧！	0
我真的想问问，学校到底有什么权利对孩子的家长说:“除了走法律途径，其余无可奉告?”	1
6点40到8点半之间在干嘛，不是发生就报120吗？9点才通知家长，这期间又是什么情况？一般监控都坏在关键时刻（你们信不，反正我不信），深挖就会有很多见不得光的东西！不过老百姓就无能为力了！	3
要求还原真相???	1
17岁信息里无不透露着这孩子的优秀和孝顺就这么没了就算是意外我一个事不关己的人都觉得痛心可惜更何况是现在这种不明不白的状况	1
“6点40坠楼，晚上8点半救护车到”。的信息源是哪来的?谁发布的?	0
照片上的“求真求实，至善至美”好讽刺	1
如果真是学生自己的问题拿出完整监控视频一切都清楚了我们也都心服口服越是在这欲盖弥彰越说明你们心虚你们扼杀的可是祖国的未来站出来做个人吧	1
时间：5：40、6：40、8：30、9：00地点：学校知行楼（教室办公楼），殡仪馆发声方：死者母亲回应顺序：学校，当地教育局，办案警察（正在深入调查，完善细节）	0
如果出现监控没覆盖缺失等借口，请把校长抓起来	1
这救护车来这么迟	1
好像中央的领导在四川大学视察，大家不妨试试，之前看见别人有发那个举报电话，但是被删了	0
@老网抑云bot：1）成都教育局长处分，2）49中校长处分下岗（因为监控没了），3）出事时间相关老师处分下岗（因为失职和现场处理严重过失），4）校方赔千万+通告道歉！5）全国学校幼儿园检查监控，6）监控保护入法，将遗失监控一律作顶格处罚，只有当处罚远远高于他们该负的责任时，这个机子才不会再出	1
@EKB行星	0
看来国家的法律还是没什么用啊，很多事情还不是某些人来操控，想怎样就怎样，结果都是他们说了算	3
监控定律，关键的时候必消失	0
两个小时才通知救护车，三个小时才通知家长？不应该以救人为先吗？这三个小时在干嘛？这是法治社会，请给社会和家长一个明确的交代！	1
疑点重重的还不让看完整的监控挺牛的这不明摆着有问题吗	1
求黑客大哥们出手?	0
我不明白的是既然监控缺失为何确定坠楼时间是6.40，如果确定6.40坠楼为何8.30救护车才到？对这个问题如此静若寒蝉难免大众疑窦丛生	1
把家属和网友都当傻子吗，给家属一个公道吧@中国共青团网@中国警方在线@紫光阁@四川公安@人民日报	1
啥6:40坠落，救护车晚上8点半才到？中间12个小时是没发现孩子，还是故意不送院治疗？?	1
如果是自杀，孩子肯定会留下自杀的证据。学校不公布监控是想干什么？	1
大概是疯了吧，9为什么还不公开监控视频？	1
成都49中就是电影《大人物》现实版情节完美再现还原但是现实中没有那个孙大圣警官有的只是包庇腐败的各级领导还原真相有这么难吗邪恶的人权势滔天正义的人无处发声当这种事出现以后我们的后盾力量应该是我们的国家呀	1
请给家长一个交代，请给公众一个真相。	0
一个小小的监控就把警方难住了，是不想查呢，还是不敢查呢？？？？	1
问就是监控都被吓得闭了眼！	1
监控缺失恰巧显示出此地无银三百两	1
对	0
希望所有恶人都有他们需要偿还的厄运在等着他们。也但愿所有善良的人都可以被眷顾和真爱。	0
尽快给母亲的一个真相吧哎	1
当他们求助媒体时，媒体却被学校提前搞定了，事件发生后学校竟然不是第一时间通知家长，却是第一时间搞定了媒体！水真的好深！	1
凭什么给人家的孩子身体火化。是睡前给你的权利。	1
给我气死有什么权利直接给火化有什么权利啊是不是有病啊阴谋阴谋	2
本来呢，也不会传成这样。就因为垃圾学校遮遮掩掩！学生出事没有第一时间通知家长，坠楼2小时后救护车直接拉去殡仪馆。死者母亲的微博明确说到，第二天进去看监控，但是偏偏事发期间的监控没有了？！！而且没有见到老师！！这很难让人不怀疑啊！！学校在隐瞒什么？欲盖弥彰啊！	2
校门口的“求真求实至善至美”现在看着格外刺眼	1
@老杨大秃头	0
找一个电脑高手，可以恢复删掉的检控	0
宁可信其有，不可信其无。	1
太可怜了在母亲节发生这样的事......如果真的不是自杀那这个才高二的孩子当时会有多害怕多震惊啊在人生有无限可能的时候结束了一生同时也毁掉了他父母的一生啊	1
我截屏了，希望别被删?	1
现在对于网友而言，有一个线索点可以突破，那就是：尸体被送到殡仪馆了，那么这位母亲到现在为止到底有没有见到自己孩子的尸体呢	1
门口的求真求实就很讽刺	1
好讽刺阿，求真求实，至善至美，母亲节啊，好好的孩子就这么没了	1
哪个媒体这么胆小怕事，公布一下，看来平时都是一些走狗般的存在，真需要他们了一个个装聋作哑无能为力	1
单就救护车过了近两个小时才到，本身就存在很多疑点	1
没有经过家属同意直接去殡仪馆到手就是一盒骨灰太心痛了	1
校园暴力？	1
我就想知道为啥6点40跳楼8点多才叫救护车9点才通知家长？是等人都死透了再通知吗？不管涉不涉及什么隐私我觉得跳楼了第一时间通知家长这个不违背合法途径吧？！	1
公知带路党们又高潮了	0
监控删除的够快，这样以后就再也没有人会知道当时发生了什么，对吗？学校的操作真是恐怖！！！	1
魔鬼学校	1
学校态度挺恶心的	1
没有说谎的能力就不要费尽心思来隐瞒一个不必要哦谎言	1
退一万步来讲，为什么不第一时间通知家长？？？？！	1
关注就是力量!关注就是帮助!	0
凭什么出了人命还能这么嚣张	2
公布视频，还原现场就行了。公道自在人心。不公布视频，之间嘴巴讲讲，确实无法让人信服。	1
这个事件和#江苏金峰水泥集团有限公司命案#有诸多相似之处	0
火化……没有家属签字能火化吗？	1
这学校里面到底是谁上面有个怎么样的人物，这一系列操作，真是有点东西	0
#成都49中回应学生从楼道坠亡#请还原一个真相	0
校门口八个字太讽刺了	1
如果不经家属同意，直接火化，这犯法吗？	1
打农药的时间里都发生了什么	0
孩子养这么大，说没就没谁受得了	1
最后一面都不让看吗？死的不是你儿子你就这么搞？	1
这学校都什么老师好可怕	1
后面的求真求实至善至美真是莫大的讽刺啊	1
可怜的母亲	1
像江歌的妈妈一样坚强	0
猜想一：孩子去教师办公室因为升学名额和老师沟通，无果一气之下从办公室出来直接跳了下去猜想二：教师打骂体罚孩子，致使孩子意外坠亡学校和老师为掩盖事情真相欲盖弥彰猜想三：校园霸凌教师的孩子欺压当事人一人或几人一同把当事人推下楼事实的真相就是监控学校抓的这么死就是不想让事实浮出水面	0
看了超级心痛	1
#请成都49中请公布监控#愿中国青年都摆脱冷气，能做事的做事，能发声的发声，有一分热，发一分光，就令萤火一般，也可以在黑暗里发一点光，不必等候炬火，此后如竟没有炬火：我便是唯一的光。――鲁迅?	1
这个可是学校啊！！！学校是干什么的地方?这样的学校是要教育出什么样的学生?直面解答家属和网友的疑问真的那么难吗？	1
6.40坠楼，8.30救护车才到，这真的是立马打120了么？？	1
希望有更多知情人士出来发声，事情疑点太多我们都不会认同学校的说法的！	1
也请关注一下重庆15岁女孩坠楼的妈妈这个微博！！！！！！！	0
学校这个操作确实让人费解	1
为什么不报警啊，母亲想看孩子，学校不让看，那就应该可以报警啊	0
没见着遗体？是死于坠楼吗？不让公安局或者医院法医部门鉴定一下？	0
麻烦给死者母亲打个码	0
6点40？64?64后没有真相	0
@Li浅酒窝：在这之前很想在这座城市有自己的家带着家人孩子定居下来，这之后一想到这样的学校也许在这个城市真的是很普遍的情况，想到自己的孩子，突然后怕了！不愿意来了，也许有人笑我胆小如鼠……但在孩子这里我就是这样胆小谨慎！	1
孩子的尸体学校有什么权利决定，感觉有阴谋…	1
不能不了了之，要求真相！	0
不能不了了之。坚决要求真相！	0
居然直接拉去殡仪馆？他们想隐瞒什么？？	1
会不会是校园霸凌，霸凌的孩子是官二代或者富二代	1
见都没见着尸体直接火化了？	1
这不死也得死，拖了这么久	1
坐等真相	0
直接拉殡仪馆火化这波操作令人费解	1
为什么在未通知直系亲属和法定监护人的情况下私下火化？！//@LL_李小枫:六点四十坠楼，八点半救护车才到，怎么？从外省调了一个新车？还是骑的三轮去的	1
扫黑除恶真是疯刺，人命就这样被这些人当成了玩笑。。。希望真相早点到来！！！！！！	1
知道了，这差不多两个小时，这时间是从国外调来救护车吧，趁着这个时间把所有事都善后了，钱到位了，权到位了，视频删了，人拉殡仪馆了，家长拦住了，教育局连夜写了通报（设置了自己能看，早上编辑好了发出）就差直接把人火化了吧，这么明显的替有些人打掩护，你们把网民当傻子就以为网民真是傻子了？	1
@Lcgahen	0
一出事监控就完蛋，安装监控意义何在呢！费那么多钱安装监控，结果什么都没用	1
学校这么含糊其辞，我们小小网民也只能猜：是怕活着赔的钱多，干脆给拖死！还是毁尸灭迹，一了百了，把能掩盖的都掩盖了？！哎?一条鲜活的生命，连争取存活的机会都被无情剥夺了！！！！	2
我不禁想到天网的究极进化形态：实名社会关系全网联动需要时一个简单的指令封锁所有信息渠道岁月静好、民族复兴	1
背后学校几个大字怎么好意思还挂着	1
这不是什么都没有回应吗？关键信息都没有说	1
@00恙00呐	0
期盼官方尽快调查并给出说明	0
#成都四十九中回应学生在校高坠离世#好一个避重就轻	1
6:40到8:00这时间跨度有点大呀	0
我的天啊这还有人权吗？靠	2
好怕又是官官相护，最后不了了之，那么公平公正律法有啥用	3
早日给家长一个交代！！	0
有什么好隐瞒的，死人是刑事案件，该怎么样就要怎么样	1
当时坠楼为什么九点才通知家人	0
全班被告诫谁说出去找谁高考也考不了。	0
#成都49中#请给死者家属一个交代，给死者一个体面，给千千万万的学生家长一个心安！	1
我们普通人果然还是不要生小孩了	1
涉嫌掩盖事实！！！！！中国各级政府站出来说几句？！	1
真相到底是什么？	0
//@等等我马上瘦了:如果没看错的话，他说的是学校直接给拉到殡仪馆了？？什么操作，这事是他们该干的吗//@南城旧少年寄奴:这里面有点东西，学校到底想隐瞒啥子……？	1
都什么社会了，这学校得一套操作，是想干嘛，相关负责人，警方负责人，不得给学生家长一个真相么！警察不得帮助家长找到真相么！你们拦着什么啊！看着真来气！老百姓一遇到事情，永远的是那么的无助！	2
太黑暗了，就这样害新一线城市	1
希望早日水落石出	0
为什么家长不能见孩子？家长还没见呢，你送殡仪馆？	1
现在微博成了申冤之地，也是好笑	1
上去，查出真相	0
这么说这个学校有点东西…那最后查出来所谓的“真相”就真的是真相吗？还能相信什么呢？	3
是7点左右的时候救护车进学校的	0
我们要严格整顿监控公司，质量太差了，每次一出事就没用了	0
看着大门里面“求真求实，至善至美”这几个字真觉得讽刺	1
难道这条评论是核心关键信息？？#成都49中##成都四十九中回应学生在校高坠离世#//@knighz:万丽霞化学老师教导主任	0
这学校黑社会啊，直接焚尸	3
删视频还直接火化尸体	1
求真求善至善至美多么讽刺这是学校吗？	1
求真求实至善至美这八个字真讽刺	1
每次吃事情要么就是监控突然就坏了，要么就是没拍到鬼信哦	1
求真相！！！！	0
@Mstay_Young好惨...	1
震惊至极！又一起故宫大G事件吗？	1
希望这个弟弟地下有知，不要放过那些伤害他的人	1
#成都49中回应学生从楼道坠亡#这孩子也太可怜了！这位母亲居然在母亲节失去了唯一的孩子！学校的处理绝对隐瞒了很多问题，希望有关部门可以介入调查，给这个可怜的家庭真相?	1
学校的做法态度太可恨了@人民日报	1
#成都四十九中回应学生在校高坠离世##成都49中#所谓的做好善后就是拒家属于校门之外吗？	1
朱令案涉及到**代证据早就被合法湮灭了中国法律也就管管没权没势的老百姓如果两个都是平民百姓法律是公正的如果一方是权贵一方是平民呵呵假设一下这学生坠楼或许就是哪个权贵人家的小崽子把他推下去的看学校这种做法他杀的可能性非常大//@你要那么多权限做啥子:朱令案不也没有结果吗……	3
好可怕呀什么时候学校也成了一个恶魔之地	1
这是什么学校啊	0
警方在查啊公安局和学校都说要给一个结果怎么就开闹了	0
警方调查取证也需要时间家属需要安慰静待结果	0
@最高人民检察院评论	0
如果世上有鬼魂，愿所有的恶鬼都去缠那些坏人吧！	1
人在做天在看	1
光天化日，直接拉走？没有王法了吗？	3
没有结果就盯着校长，他总有落单的时候。	0
而且救护车到了没去医院，直接拉殡仪馆。请一定要在火化前做尸检啊，这个世界真的太可怕了	3
增加关注度，希望有关部门给个回复。	0
这所学校，全部教师选择了当哑巴。这些教师以后千万别去教育孩子做人的道理。因为一所学校，没有一个教师真的尊重生命的。全部都是公务员而已。生怕丢了他们的铁饭碗	1
#成都49中回应学生从楼道坠亡#老百姓的无力感苍白可笑，数不清的相关部门正逐渐拉低国家公信力！等一个真相！等党的严于治下！等党的公正廉明！等泱泱中华的朗朗乾坤！	3
公正法治的社会需要还真相给大家	0
学校？？太可怕了，这还是学校吗？学校围墙形同虚设已经和外界社会融为一体，黑暗的社会还有未来吗？	3
@CrushonY_太黑了……	3
那些欺负他的人都是刽子手，一个真实的校园暴力！	1
背后的势力真的太可怕了	3
……	1
这做法跟光天化日明抢没区别，还不能制裁它，法治社会法制吗，这个处理不好就让人彻底灰心了	3
明眼人都能看出来敷衍极致	1
#成都49中#救护车是跨省来的吗？？？望彻查！！！！	2
还有知行楼是老师办公室!!!	0
对此事件无语了	1
说白了也就是势力问题，欺负没有背景的普通公民	3
还有没被光照到的地方，	0
这一个小时到底发生了什么？	0
@I-L-FDSNT	0
学校那个门口求真求实至善至美的校训好讽刺啊！	1
做法医鉴定啊！看看伤情能推断一二	0
黑社会都不敢这么嚣张。	1
6:40坠楼的同时为啥不告诉父母？非要等九点？不说学校想掩盖什么，母亲连孩子最后一面都没见到，	1
到底在极力隐瞒什么一定要查出真相唉一定啊	1
希望这条热搜明天还在	0
出事的同时不是应该，同时告知父母？非得等人没了，最后通知父母？怕孩子有口气在把真相说出来？	1
黑暗啊	3
学校的做法太不人道了！这让家长太被动了，情何以堪呐！	1
看得难受死了为什么要这样啊啊	1
校门口求真求实至善至美那八个字真讽刺	1
可惜了	1
我才看明白…直接火化了？？？家长面都没见到么？	1
直接火化了？这火化流程这么简单吗？可以不经过亲属同意啥的直接拉去就火化了？	1
@共青团中央@成都教育发布@人民日报@央视新闻@N重大事件反而]音了？一天天的就知道q月o好	1
太冤了	1
所以书本上讲的所谓正确的流程在现实的黑暗中完全就是狗屁	2
我们那时候学校没监控也没有这些黑暗的事情。	0
据说官二代校园暴力	1
建议你找侦探堵一下校长的孩子，别说我坏	1
看过一部电影《大人物》都知道，杀人后，监控关掉，把人从楼梯上丢下去，然后报警	0
#成都49中#看rs降那么快忍不住转一下，知行楼不是教学楼，是教师办公楼，求公道求真相！普通百姓别觉得这种事和自己无关，坏事轮不到你时就是盛世太平，轮到你时就是走投无路断港绝潢。不要温和地走入那个良夜，――不要温和地接受灭亡	3
真相不能被藏进一盒骨灰里@共青团中央@紫光阁@中国政府网@国务院公报@光明日报@国台办发布@国务院公报@健康中国@科技日报@联合国@强国论坛@全国人大@人民日报@人民网@世界卫生组织@央视频@央视新闻@中国新闻社@中国政府网@中国青年报@中国之声@胡锡进@环球网监控	0
#成都49中#热度不许掉!大家多关注关注，不能让孩子死的不明不白的	1
人名公众非常想要知道真相！学校这种行为太恶心了！#人民日报#	2
哪位电脑高手帮忙恢复一下监控数据啊？	0
监控永远都不会公布，这么多蹊跷事件，还从没见过有公布真实监控的。垃圾	1
这学校想干嘛。	0
你幸福吗	0
在你的学校出的事，你表示痛心就完了！真道德沦丧！！	2
成都整个教育体系有问题，书记自杀，这又来一出，该大整顿	1
求真求实真的太嘲讽了@共青团中央	1
天天说自己有求真精神的媒体朋友他妈的影子都不见一个事情过去一天有多了学校就发这东西？？	2
顶上去！	0
1、坠楼的真正原因是什么，人为还是意外2、为什么没有第一时间通知家长3、为什么救护车会那么晚到4、为什么直接拉到殡仪馆5、为什么监控画面会不全6、为什么最初求助媒体被拒	0
@众人皆醉我独z	0
这个妈妈该多么难过	1
参与删除监控的人统一按谋杀罪名处理	1
公办学校背后是政府，政府有国家别被压下去	0
看了就睡不着觉了心里不是滋味请务必给个交代!!!!!!	1
校训可真好笑，建议拆了。	1
不对吧火化要直系亲属签字啊学校怎么办到的谁在一手遮天呢	1
看哭了，当妈妈的受不了	1
校长儿子推下去的吗为什么这么搪塞	1
到的是哪个医院的120？医院为何过了这么久才出医？医院必须回应！	1
#成都49中#需要真相！必须严查！！我天天电视剧上看到的情节都没现实可怕啊！这学校搞什么名堂啊！这一个高二的小孩啊！明年就能高考上大学开启自己新的人生了啊！到底背后做了什么要一直掩盖真相啊！不要听谎言借口！真相！！真相！！！	2
@李派大星星:@共青团中央@紫光阁@中国政府网@国务院公报@光明日报@国台办发布@国务院公报@健康中国@科技日报@联合国@强国论坛@全国人大@人民日报@人民网@世界卫生组织@央视频@央视新闻@中国新闻社@中国政府网@中国青年报@中国之声@胡锡进@环球网	0
一部大剧！唐人街探案4有素材了	0
过于阴间。为什么不立刻通知家长？为什么救护车到那么迟？为什么监控缺失？出这么大事，任何学校都应该第一时间联系家长，别管什么对错，至少给予安慰，稳定情绪，共同查清真相，共同解决问题。同类事件真的是看烦了，出事了怕有什么用。不思解决，算什么教育之地，有什么未来。太气愤了。	2
好黑	3
@成都高新公安分局@平安成都	0
真相到底是什么？媒体不敢报道，幕后黑手究竟是谁？一条鲜活的生命就没了……	1
wc，火化遗体不是要家属签字么，学校是怎么做到的？	2
求真相.	0
@肥兔拌饭我的天哪直接拉殡仪馆我也是……这学校太可怕了	1
事发到救护车来隔了两个小时这中间有没有猫腻就不说了，监控故意隐藏起来了才给人家家长去看你看你?呢，这学校管理层是tm鬼生的吧	2
这学校还写着求真求实至善至美，醉了	1
对现在的教育体系太失望了……	1
我想到一个办法：让这帮孩子先去高考，等高考完了，大学通知书拿了，再联合出来作证。就是时间上可能会晚一点，怕事件热度不够。当然也不知道同学们愿不愿意当勇敢的人	0
每次发生这种事情的时候，处理方式都那么令人疑惑	1
或许有人玩过恒水中学连环虐杀这个游戏吗。。。这个新闻和那个游戏也太像了，细思极恐	1
@Moodyest	0
作为一个教书育人的学校，竟然做出这种事情，令人发指，那是一条人命啊，这种事情发生，还要隐瞒，如果国家不严惩的话，真的说不过去了，请惩治所有坏人，还这个孩子和他的家人一个公道，不要让腐败继续发酵。	2
#成都49中##成都四十九中回应学生在校高坠离世#不管最后官方回应是什么，经过这事，谁还敢去读这个学校	1
任何孩子的父母都不会轻易放弃探索真相。如果没有正常途经，难道社会和学校领导不怕激化矛盾，不担心孩子父母做出过激举动吗？？到那时受害的可能是无辜的人	1
故意杀人	1
从坠楼到救治之间这段时间学校在干嘛！！！	1
愿上苍有好生之德，保佑这位母亲早日得到真相。	0
好一个求真求实至善至美	0
直接火化？？？合法？？？	1
这个学校的某位老师让我没了大学梦	1
其实如果是打闹/十足/自杀下去的话…一般七点钟才上晚修，那时候大家进教室天黑没人察觉也有可能，然后老师发现人不见了找一个多小时才找到，再打120也有可能…不过不配合家长就真的很冷血了	1
当时得有多可怕阿，监控器都吓得闭上了眼睛。?	1
凶手是学生的话那就是学生后台硬，非富则贵，凶手是学校工作人员的话，那就是丑闻，怎么都要掩盖，可怜了我们这些无权无势奉公守法的底层人民	3
救护车七点十分左右就到了！	0
请把真相告诉大家	0
真相	0
学校远比你想象的黑暗	3
讲个笑话，中国反腐	3
不让家属进去不说关键直接把人抬殡仪馆去了谁给他们的权利？胆子简直太大了	2
求真求实，至善至美，学校上屹立的几个大字……多讽刺啊	1
求真求实，至善至美？？？！！！	1
为什么救护车那么晚才到？？？	1
上百度贴吧找下吧	0
不要情绪化？？？这是一条人命啊？！这是一个连自己儿子遗体都没能看见的母亲！这还是在母亲节球球了给妈妈一个真相！	2
心好痛，活生生的生命啊！	1
家长就连尸体都没看到……火化完了再通知家长这是人干的事吗……	1
直接拉到殡仪馆？？？？这还是人干的事嘛！！！	2
成都49中，良心呢@成都49中	1
好像还直接把尸体火化了就离谱	1
这样的新闻让人感到心痛。有时我也怀疑这个操蛋的世界，我为什么要带一个新生命来这世界遭罪。但有他的每一天我内心都感觉到非常幸福。累并快乐着。一想到他以后要长大面对这个乱糟糟的世界，就觉得很难过。不知道自己能呵护他多久，什么时候他才能够独立坚强快乐地生活。	3
妙啊，直接拉去火化了，这是怕怨气太大诈尸吗？我在医院干了一年多了，还第一次看到有这操作的。	1
字越少事越大	0
每日一问	0
学校到底在隐瞒什么？？学校有将学生送去殡仪馆火化的权利吗	1
现在的学校都是以赚钱为目的，我读了三年高中从来都感觉不到学校领导关心过学生	1
@人民日报出来主持公道吧太黑暗了	3
@人民日报@人民网	0
后面的求真求实真是讽刺	1
必须给家长一个如实的交代！那些同班的同学，知道来龙去脉的人，你们隐藏这样的秘密会造报应的	1
@我想被带着逃走想到了今天的电影	0
决不可忍	1
真的挺悲哀的，法制说了这么多年，好多事还是得靠在网络上发酵起来了才会被重视	1
好可怕这种学校	1
求真求实好讽刺	1
魔幻现实	1
求真求实多么的讽刺	1
领导等着集体下课吧	1
不敢想象这个妈妈心里有多难受。我很困惑的是，火化这种事应该是需要监护人或者亲属的吧，为什么家长都不知道的情况下火化了？即使我不知道到底发生了什么，我也觉得这个学校的做法太恶心了，太黑暗了	3
第一点，“6点40坠楼，8点半救护车才到“，除非是该学生一开始坠楼了校方一开始没发现，等8点左右发现了马上打120的话，这个时间才能解释得通！第二，既然“事发时间段没有监控”，那请问校方你是怎么精确认定孩子是6点40坠楼的呢？这说辞明显前后矛盾！可见绝对是有监控证据，但是事后监控被销毁了！	1
压抑……	1
这些所谓的学校领导们，真的就不怕午夜梦回？？？	1
孩子坠楼之后，校长就紧急开会让同学们闭嘴，在去删除监控，一切妥当之后才叫的救护车，这救护车是不是推着去的	0
心痛	1
#成都四十九中回应学生在校高坠离世##成都49中#@人民日报@新华网@新华社案件疑点多，学校方面有些不可推卸的责任。	1
学校的标语求真求实至善至美真tm讽刺	2
@有机会一起看海_	0
@须臾________太痛心了	1
越来越失望了……	1
看着那栋教学楼上面的那几个大字，真的是讽刺	1
为了所谓的大运会，最美第四城，全球号召力之类的屁话，当权者毫无人性是永恒的真理。	1
第二张图片太讽刺了，至善至美	1
求真求实至善至美讽刺至极！	1
越是隐瞒越是有问题	1
学校为什么隐瞒？如果孩子意外坠楼为啥不通知家长，为啥直接拉倒殡仪馆？这到底有什么不能为外人道的东西？作为父母难道就连自己孩子怎么去世的都没资格知道吗！越想越觉得不正常！肯定有内幕！会持续关注，希望还孩子一个真相！	2
好可怕?呀	1
请给这位母亲一个公道	0
别到时候发生在你们小孩身上真够有你们受得了	1
真相程度49中最清楚，你讲出来！如果没有责任，你在害怕什么？？发这个通报顾左右而言他。鄙视	1
太不负责任了妈的	2
这什么校长，绝对是里面有背景的人把孩子弄没了，把校长抓起来严刑拷打。。。。一定要把这个有背景的揪出来。建议直接查查每个学生和老师的背景，把有背景的一个一个筛查	1
媒体从业者来爆料，知道为什么cd媒体没人敢报道吗？因为主流媒体很多年前就被上头警告，不准报道cd本地负面，影响cd城市形象。这些年开除的处分的扣钱的。良心的记者走太多，剩下的不敢报了，都上有老下有小。防民之口甚于防川，媒体失去了监督属性，沦为了赞歌工具	1
而且主要是直接把尸体拉去殡仪馆然后火化了把骨灰给家长	0
为什么把家长拒之门外？	1
学校别压了	0
后面的八个大字真的好讽刺，求真求实，至善至美。。。。	1
49中应该给家人和公众一个完完整整的交代	0
今天不发声的知情者不怕明天这样的事发生在自己身上吗	3
除了黑暗就是绝望，被人只手遮天	3
好气愤啊！这个学校太稀烂了	2
？？？？？？？	1
可怕。愿查明真相	1
没有直系亲属签字怎么能火化？这殡仪馆也敢？？？所以没有尸检的机会了吗？在隐瞒什么啊太明显了吧做得也太难看了…	1
学校门口那八个大字真讽刺啊	1
太过分了	2
就算是以前的孙维，也是终生不能回国，终生被骂，现在的这些芝麻二代，也敢如此鱼肉百姓了！	3
可怕	1
我以后不会让娃娃去这所学校读书	0
谋杀	1
没送去医院直接送去火化，还不经过家长同意，这是人干的事情吗？应该判刑，这是谋杀！为官者能够这样漠视生命？置人民于何地？希望严查揪出幕后势力@人民日报@中国长安网	2
这么隐瞒，让人不得不怀疑该不会是学校领导害的人吧	1
有正义感的人已经很少了，记者有为重要，新闻一定要追求真实	1
初为人母，看得老子直跺脚，怀胎十月养育十七年的孩子，49中你有什么权利不给家长看直接拉去殡仪馆，领导们不怕报应吗！法治社会，还孩子家长公道！	2
唉，社会啊	3
求真求实，至善至美。真tm是一句笑话	2
不是啊，6点40坠楼，救护车怎么8点才到啊，为啥不第一时间打112啊，是怕就活了吗？非得等熬死了死透了才叫救护车？这破学校，老师领导全都按故意杀人判吧，没一个有人性的！！	2
还人家母亲和儿子一个公道！不配称之为学校，不配教书育人！太让人恶心了	2
顶上去，不要沉！！！！！！	0
学校这标语打的可真够恶心的啊	1
到底里面有什么黑暗？校园暴力？体罚？殴打？性侵？？还是其他什么？需要一个真相？	1
学校有什么资格直接拉到殡仪馆火化！！！	2
真相一定会水落石出的	0
疯了吗？无法无天！！	2
为什么学校可以私自做主火化尸体呢？正常来说不应该先通知家长吗？做坏事的这种人会有报应的	1
#成都49中##成都四十九中回应学生在校高坠离世##成都49中回应学生从楼道坠亡##成都49中学生坠楼学校懈怠##成都四十九中学生从楼道坠亡#学校楼上的八个大字：求真务实，至善至美。	0
好可怕，太吓人了，直接火化了。不通过人家家长，你是监护人啊？卧槽，太可怕了，太可气了	2
6点钟学生已经开始上晚课了，说明是上晚科期间出的事	0
学校已经变得不像学校了	1
谁允许的直接火化！这么大权利	2
没有完整监控不合理	0
就挺迷惑的，孩子出事了不应该第一时间打120而且告知家长吗？怎么这个时间相差这么多？？学校不联网还是怎么的，真的挺令人痛心的可惜了一个少年	1
围观就是力量	0
关键时候监控就莫名其妙的坏了，抓违章的时候监控老也不坏。	0
校园暴力	1
是不是发生了什么，急于遮掩	1
请给家长一个公平公正的交代。	0
在校园内发生这种事情，家长还能把自己的宝贝们放心交给学校吗	1
唯独事发那一段没有监控！！！各媒体都不介入！！！天黑到了这等地步？？？//@宁夏疯-县令:乱世需用重典，盛世如何判罚？//@谢家书屋://@程青松同志:求真相	3
学校强权！有什么权利将家长拒之门外？还有王法吗？	3
学校这么护着，凶手该不会是天王老子的儿子吧	1
@人民日报快点出来解决问题外国的事没你自己国家人民重要吗！！	3
SOS	1
学校是要上天吗？人命关天，处处都是疑点！	1
无缘无故在教室楼坠落？？确定不是人为的吗？意外失足为什么不敢说！	1
无可奉告四个字多么的轻描淡写，那可是一条生命	1
学校楼上那八个字真讽刺	1
#成都四十九中回应学生在校高坠离世#现任校长还是唐文勇吗？出来发声，非得点名到个人才能出来认责吗？刑事案件花季少年无辜逝去，生命之重怎可轻率？@唐文勇名师@成都49中@央视新闻@最高人民检察院@最高人民法院	1
#成都四十九中回应学生在校高坠离世#现任校长还是唐文勇吗？出来发声，非得点名到个人才能出来认责吗？花季少年无辜逝去，生命之重怎可轻率？@唐文勇名师@成都49中@央视新闻@最高人民检察院@最高人民法院	1
去了殡仪馆并不能火化	0
好恐怖的学校??	1
@・ToyYeahYeah・这学校...	1
@断情绝爱灭绝吴师太	0
通知家长也是够慢的，这个学校在藏什么东西	1
学校是好大的官威？	1
这他妈都什么事儿啊！光天化日之下朗朗乾坤做个人吧！	2
想知道真相	0
令人气愤啊学校到底再隐瞒什么	2
还有一张图片说那个男孩是惹到谁了，而且那个知行楼是办公楼	0
感觉这个学校好冷漠啊	1
这水很深，很多人都懂却都不说。这个社会如果只有一种声音那是不健全的，希望这次正义的网民能再次胜利。不希望300年后又要重蹈覆辙，历史重演。	0
学校本是教书育人的地方！唉！	1
坠楼后不该立即打急救电话告诉父母吗？班主任那里有父母联系电话吧急救电话不难记叭！！！	1
太恶心了鲜活的一条生命就这样没有了。学校一个说法也不给还掩盖事实	1
学校隐形绑架学生和家长就是这个世道，学生和家长平时不敢吭声得罪老师，这个时候更不敢了，强烈呼吁整顿教育系统！监控全部纳入公安系统，保护未成年人不是这个社会应该干的正事吗	1
删监控，死无对证，已经是各学校的应急预案了吗学校不是应该让人向往的地方吗？怎么变得如此可怕	1
@烟花笑生	0
校长杀的	1
求真求实，至善至美，呵呵，好讽刺	1
细思极恐，这还是法制社会吗	3
每次一出大事学校监控必消失无语	1
有知情的学生一定要站出来，不然下一个这样的悲剧就可能发生在你自己身上。从这件事上可以看出，学校根本不会保护任何一个学生的生命，没有人说出真相，他们只会越来越不把学生性命当回事。	1
直接去殡仪馆？谁给的权利！	2
如果不能查出真相，给那位母亲一个交代，那我对这个所谓的法治社会就太失望了！	1
越看越气人，这破学校漠视生命	2
希望警方早日给出答案	0
劳资硬是想把校长拉过来几坨子	2
现在这个网络时代，还有人觉得这种事瞒得住吗？	1
公布真像就好啊！何必遮遮掩掩的呢？有问题追责吧，毕竟一条活生生的命啊！17年，容易吗？	1
这是人命啊到底有什么遮掩的让学校这样教书育人的地方连基本的操守都没有无底线的掩盖真相到底为了什么这样学校真的能教育好孩子吗这样品质的学校教出来的孩子能有半点正义感？	1
所有人不让硕	0
养育了17年的孩子就算是因意外出事对家庭的打击都非常大，更何况这还走的不明不白的，学校这一顿操作谁看了不觉得有鬼。还有直接拉火葬场这个操作！我想骂娘了都，果然不是自己的孩子是吧	1
那么知道真相的就包含了，监控室的工作人员和操作剪辑的人员。希望他们秉承公正，将证据用于调查案件中	0
而且，知行楼是教师办公楼！所以到底发生了什么？！持续关注	0
别地方都可以接受唯独学校一个德智体美全面发展的花园	0
要求学校严查！	0
引起重视	0
天，这爸妈得多无奈绝望啊	1
//@谢家书屋://@程青松同志:求真相	0
那学校上面写的求真求实至善至美和下面抱着遗像的母亲对比，真的是无比的讽刺。必须彻查还一个公道！	1
我想起来特斯拉女了，不闹不解决，太悲哀了！失去孩子的锥心之痛难以想象，什么狗屁学校	2
这种学校太垃圾了	1
直接拉去殡仪馆？？？	1
必须还家长一个公道，连个知情权都没有，太没天理了，简直人神共愤	2
等待真相，家长已经失去孩子了，必须还他们一个真相	1
我真的都要看哭了，普通人活着都不配？	3
没有家属签字，殡仪馆能火化？？？哪来的权利？	1
求真求实，几个字真讽刺	1
到校一个小时死亡？?也是真快！学校没有校医做急救吗？换做学校自己的孩子遇到这种事，感同身受就知道了	1
学校应该没有那么多的权利	0
家庭教育也有责任	0
至少也得告诉人父母发生了什么吧	0
#成都49中#图二赫然写着“求真求实，至善至美”……无话可说	1
用自己的生命祭奠，我想，大部分母亲都会这么做吧，愿还原一个真相	0
上去，上热搜	0
这个学校也是，发个声明时间点也不写清楚，几点发现的坠楼，几点打的120，让网友质疑才说话	0
太恐怖了吧	1
持续关注，希望还这位母亲一个公道，17岁，他的父母有多心痛	1
请警方和校方尽快出结果！	0
救护车为啥两个小时才到？	0
太难过了，希望早日查到真相，还一个公道	1
太多疑点了必须查清楚	1
顶上去	0
母亲的天塌了，太痛心了	1
家属不签字可以火化？	0
这种学生在学校里没有由来就身亡的事这几年发生的还少吗？	1
请官方尽快查明情况，给一个交待	0
唯独关键时间的监控视频片段没了，此地无银三百两	1
这评论下面有多少阅读理解从来没及格的文盲啊我曹，吃瓜可以，表态越早越打脸好吗	0
#成都49中#这监控真的是坏的恰到好处啊，要是真的意外死亡，又何必隐瞒呢这当中肯定有猫腻	1
必须严查	0
自媒体又来吃人血馒头了	1
家长心该多痛，大好年纪的孩子，莫名其妙发生这种“意外”，具体情况一定要查出来啊	1
又是一个直接火化的？凭什么能直接火化？我查了一下不按规章制度来是不能火化的啊	0
连学校都这么不安全为嘛还鼓励大家生娃。社会政府都不能保护孩子，活该家长就这么被欺负么，辛苦养大的孩子就这么不明不白的没了。	1
是的，必须有人出面正面给个说法。	0
四十九中，为了逃避一时的责任，被全国拿出来凌迟的感觉如何	1
唯独没有出事时间段监控，这不是此地无银三百两，不打自招了吗？学校负责吧。	1
#成都49中#每次出事，监控都坏BBC别整天编新闻了，现成的素材拿去用……最好能让中国的官老爷再也不敢瞒报。	3
最近看了好多这种新闻，感觉无论幼儿园，中小学还是大学，学校的监控只有在可以证明自己没责任的时候才会异常坚挺并且第一时间就能公布录像，除此之外，在老百姓用到的时候基本都是坏的。建议监控的正常运行挂靠主要领导，将监控损坏列为严重失职行为，不然真相永远不会是真相！！！	3
为什么着急火化太惨了	1
同学们，这就是你们的将来！现在不回应，未来冰冷躺在那里就是你们！	3
要尸检	0
//@波格比://@谢家书屋://@程青松同志:求真相	0
监控永远都是选择性丢失，唉?	1
6点40坠楼，8点半救护车才到，这2个小时学校在干什么？	0
求真相，热搜冲上去	0
这所学校有何背景？	0
热搜还给我掉???其实我觉得很多时候并不是大众喜欢看娱乐八卦，只是这种东西他不推到我们面前，或者推到我们面前了也要拉娱乐来挡枪	0
还是等调查结果再说吧，随意猜测不太好吧	0
工作组	0
天呢	1
哎真的是深深地无力感	1
就这么火化了吗，不应该家属便宜才能火化吗	0
点40坠楼，晚上8点半救护车到，晚上9点才通知家长?????CTMD	2
太可怕了，都没人管的嘛，没有王法天理了嘛	3
一到关键时刻都是监控不行只要发生这样的事从上到下全部死刑从上到下的（全部财产）给死者家属监控保证没有一个坏的	0
真的细思极恐	1
想知道到底发生了什么，真相只有一个	0
这是解决问题的态度？49中必须把监控拿出来！	2
不敢想象这样的学校这样的势力这样的态度	1
这是发生在21世纪吗	0
希望上热搜	0
等待官方调查，兼听则明，理性吃瓜！	0
令人痛心，静待官方调查结果。	1
全力做好善后工作怎么翻译？	0
学校是教书育人的地方不是隐藏事实包庇罪犯的地狱！！求真相！	1
#成都四十九中回应学生在校高坠离世#大门口的“求真求实，至善至美”格外的刺眼	1
上次不是还有成都大学的书记自杀了后面不也不了了之吗	1
持续关注太可怕了	1
@给九一妹妹养一只法斗	0
操他马的学校，真遭天谴啊！	2
还是希望官方尽快给出调查结果，给大家一个真相	0
这学校领导有问题	1
蹲点校长一名换一名	0
烂透了…	1
学校是教书育人的地方，自己都逃避责任还怎么教育好学生。	1
现实版顶楼？？	0
这种时候只想等调查结果出来，猜来猜去没意思	0
救护车是去太空接人了吗？我看不是想救人的，而是想等人家死的	1
有一说一我个人觉得这事官方应该尽快公布案件进展情况及时回应社会关切	0
其实有些事情只能是用一报还一报！	0
这么大个孩子不明不白的就没了心疼死了	1
相信政府会积极作为，给老百姓一个交代，等一个真相	0
怎么一出事监控就坏了？这么巧？肯定校方删的，删了监控不就是有鬼吗，如果跟学校没关系最好的的做法难道不是赶紧把证据摆家长面前证明清白吗？再说了不管真相结果如何现在最重要的难道不是让家长见孩子最后一面吗？为什么不让家长见孩子最后一面就直接拉去火化了#成都四十九中回应学生在校高坠离世#	1
孩子没了，家庭教育也有一定责任吧	0
期待官方回应	0
大概没人敢接这个案子	0
这孩子太可惜了，学校绝对有责任	1
相信公安机关会还原真相给大家。	0
一个学校就能这么大的官威，孩子的生命是一个家庭的的全部啊	1
@CEEWINN气死	2
不要乱猜测吧……	1
tmdtmdtmd还是母亲节校方做个人吧	2
期待调查结果，家长请坚强！在校的同学们也要好好引导，避免再次出现这类让人心疼的事情了	1
这什么学校啊排场真就这么大？	1
啊？	1
学校八个大字求真求实至善至美好不实在还给孩子一个公道可怜天下父母心	1
图二那八个大字真讽刺，求真求实至善至美	1
转起来	0
严查，一个孩子不可能无缘无故跳下楼	1
希望政府部门严查，不要放过坏人	0
校方必须交代清楚，不能漠视生命	0
@羊某某想吃怕胖woc	0
图二的标语真是讽刺	1
我们这边火化是需要直系亲属签字同意的啊，应该还没有火化吧……	0
太黑暗了	3
大胆猜测高官之子校园暴力事后消灭监控保命	1
学校到底是掩饰什么	1
天呐，太没人性了	1
#成都49中#苍天在上，厚土为证，鄙人今日在此诚心祝愿成都49中的某些领导干部们眼瞎耳聋半身不遂恶疾不断长命百岁～???	2
太可怕了，活生生的儿子在母亲节当天不明不白的没了。育人的地方，为什么事情做的这么不堪，你们是育人的地方啊，不是流氓场所。没有问题的话，为何没有监控，不及时叫救护车？	1
现在的学校就特么跟地狱似的	3
在法治社会可以这样草菅人命吗？人家一个家庭的希望都没了学校还在隐瞒真相，真希望有人能站出来说出真相，还孩子一个公道	3
看了觉得很讽刺	1
学校领导可能没有孩子，不知道同情	1
校训：求真求实，至善至美	0
为什么可以没有监护人同意就殡仪馆火化啊？？？为什么救护车那么迟才出现？？？为什么监控就坏了？？？无数个为什么！！！活生生的一条年轻的刚开始的生命啊，就这么没了！	2
回复@西米啵赞:拜托有点脑子，没有直系亲属，你敢拉人家殡仪馆也不敢收。	0
监控又没了，真的是吐了	2
哪个黑学校，有关部门可以出来监管严查了，扫黑除恶	1
最后一面都不让别人见，即使是尸体，监护人也有决定的权利吧！	1
好讽刺，求真求实	1
@中国警察网@央视新闻@央视网	0
到底在隐瞒什么！！太他妈黑暗了！！	3
看到这样的信息真的好心痛，一个孩子是个一个家庭付出所有的心血所在，是妈妈的命，真希望所有的有关部门能够重视，还给这位妈妈一个真相	1
应该第一时间通知家长，否则学校应该是失职	0
学校必须给个交代！！太心碎了//@阿紫阿呀:学校肯定有问题绝对有问题//@喜欢小裙子丫:学校这是要干啥	1
学校大门：求真求实至善至美……也是呵呵了……	1
@人民网@人民日报	0
无可奉告？	1
好心疼啊，都是当妈的，特别能体会此刻当妈的心情，养育了十几年的孩子说没就没了，妈妈怎么活。我们需要知道真相。	1
想了想我要是在学校被人算计丧命，家人都无法了解我的死因，太恐怖了	1
哭了，有孩子的人真看不了这样的事，本来失去孩子就够痛苦的了，还遇上这样的没有人性的学校，资本当道普通老百姓想张口说句话怎么就这么难呢	1
这个事不给个说得过去的交代真的过不去！官官相护环环相扣里面的弯弯道道不知道多少呢，这次没有调查清楚蒙混过关下次就还有这样的事发生，而且下一个说不定就发生在我们身上，为“他”发声也是为自己发声希望相关部门能够跨过阻力调查清楚给家长和社会一个交代，让平民百姓更信任国家	3
#成都49中#！！！！！！	0
@成都49中#成都49中##成都四十九中回应学生在校高坠离世#出来回应！	0
天啊，这哪叫闹，自己儿子咋死的都不让人知道？竟然还说不怕你闹	1
这学校也真是厉害	0
顶上去，热度别下来	0
学校不是教书育人的地方吗？怎么现在成了掩盖事实的恶灵？？。	1
这世界是怎么了？？	3
太猖狂，打黑除恶无	1
#成都49中回应学生从楼道坠亡#学校给交代	0
又特么的一次微博上访！可悲的老百姓啊！	3
看了扫黑决战以后，就怕那些当官不做好事的人	3
救护车到那么晚？为什么	0
希望学校的知情学生能透露下具体发生了什么	0
#成都四十九中回应学生在校高坠离世#图二求真求实……好讽刺	1
@中国长安网	0
怎么会有这种事，人心不是肉长的吗？一个孩子养这么大，说没了就没了？	1
“求真求实，至善至美”真是极致的讽刺希望正义不要来的太迟??	1
@69ASAP	0
估计是个官二代的孩子害死的然后学校想压	0
“求真求实，至善至美”真他娘的搞笑啊	1
应该是有内幕，不然为什么独独那一段没有监控。怪哉！我想会得到解决，不然会让人寒心。	1
求真求实，至善至美，八个大字够不够亮	0
成都学校怎么尽处幺蛾子？？成都大学的毛洪涛至今没有出权威的调查结果，现在高中又这样？？？	1
送上热搜讨回公道越隐瞒越有问题	1
过分	1
我都怀疑男孩子是不是坠楼了还没死，他们在等……	1
学校大门口几个大字“求真求实”真是讽刺	1
记得成都大学的毛洪涛吗？一样的，最后都会不了了之的！真踏马恶心！四川教育系统的水真踏马深！	2
我对象泸州的，说他上学那会老家出过类似的事，医院用错药把去打点滴的人弄死了，也是怕闹事直接拉殡仪馆烧了，当时也是闹很厉害，但是已经烧了没证据只能赔偿了事	0
学校的领导或者老师没有人性的话，是不是不配当老师，好意思被别人叫老师吗，不应该把他们都辞了，永生不得从事教育行业吗	1
人命是有贱贵之分吗？如果不是为了护另一方周全而敷衍这一方，还有什么别的可能原因隐瞒真相？这个社会公平还有吗？跳过死者父母直接执行后事，这个社会规则还有吗？广大普普通通老百姓（韭菜）就不配拥有平等和尊重吗！这段时间资本和权贵的苟且（偷S漏S，洗M）爆的还不够多吗！	3
学校领导从头到尾撸一遍吧，这种杀人学校关门行了，该偿命偿命该判刑判刑	1
这么说吧。我们以前学校。学生打架打死了人。学校也是先关闭校门清理现场，我估计这学校都是这个套路。心里有鬼	1
我们可以理解学校在没有调查清楚情况之前，不能随意回应，但是为什么不让家长见孩子！？？？！！！当妈妈的多痛啊！一个小时不见就是永别！	2
“求真求实，至善至美”呵，多讽刺的画面。	1
想要真相大白不要就这样过去了学校老师同学请出来告诉家长真相	0
不知道这个微博文章能存活多久，公众需要事情的前因后果，孩子父母更需要了解事件的真相，一条鲜活的生命就这样消逝，换做是谁也不能接受。校方敷衍是没有用的，我在想，如果我遇上这样的事，我已经想好了要怎样处理。	1
6:40坠下楼，几点打的120？学校难道一点责任都没有？	1
什么年代了，还这样	1
应在第一时间准时承担起所有事实的责任，愿永不隐瞒任何真相。	0
#成都四十九中回应学生在校高坠离世#这学校的操作真是震碎三观请严查@共青团中央@四川公安	1
想问，为什么晚上回学校？	0
要真相???心痛	1
上次某医院的护士坠楼不也是吗？监控永远起不到作用，那件事情不也现在没什么人记得关注了，医院和学校背后的水本来就很深……就……离谱又无语?	1
水有多深，还没王法了，管管吧@共青团中央@紫光阁@四川电视台新闻现场@央视新闻	3
谁敢把孩子再送去这个学校啊	1
把你们学校求真求实至善至美那几个字先摘了你们不配！	1
这里面莫不是涉黑？有什么真相不能告诉家长的，家长有权利知道	1
希望尽快调查清楚?	0
求真求实至善至美真是讽刺，这就是中国人民面对的现实，一个口口声声说着为人民服务的国家，人民真的有难的时候，却是连个说法都要不到。最近几年随着国家发展很多词都从褒义变成了贬义，用不了多久“老师、校长、学校、教育”也可以变成贬义词，让人谈之色变！	3
加热	0
这么明显的掩盖，真的没有人愿意发声？真的要掩盖真相吗，21世纪，还有什么力量能这样一手遮天吗？不敢相信看到的是真的	3
要是发生在我身上我感觉既然没有王法那就把做决定的人捅了吧你问我对不对我不知道	1
必须追究到底，无论有多大的势力，那是一个鲜活的生命啊，是父母的心头肉	1
#成都49中#刚到学校一个小时就坠楼了俩小时救护车才到，怎么是小推车吗？9号不让看监控10号除事发时间段监控都在还大言不惭说不怕闹不怕告好家伙真厉害啊	1
学校在说什么，真心不懂	0
@是奶丞呢@江浙沪漪	0
警察不要情绪化？？？？有没有搞错？？？？人家孩子没了呀？？？	2
感觉现在出事封口，拦家长，删监控，都是学校的常规操作了…教育悲哀	1
6点40坠楼8点半救护车才到这叫立即拨打120？@人民日报	0
周围吃饭的人说7点左右就看到救护车了。所以到底发生了什么呢	0
啊，无语，他们有权利去火化？？？	1
从时间段看，绝对的蹊跷！关注真相！	0
所以没有一个学生愿意说出实情吗？真的心痛！	1
求真求实，真nm讽刺	2
学校吃相太难看	1
校方就是在推脱责任，严惩！你们这样做对得起去世的孩子吗？不怕天打雷劈吗？	2
6点40坠楼，8点半救护车才到，快2个小时，这就有问题了，到底是几点打电话叫的救护车呢？要是6:40发现以后马上就叫救护车，这车也太慢了，要是打电话叫车的时间就晚，那就太吓人了，吓人之处就在于为什么要等，细思极恐	1
这学校该不会跟xxx的有勾结吧	1
没有权利，没有钱，没有办法啊	3
弄死校长孩子	2
真是有文化，不愧是学校，语言艺术玩的真6。就是语言大师啊	0
怎么能这么巧？就缺了哪一段监控？！想不多想都难啊！！	1
唉搜了一下地图。这学校附近医院多的啊。。。。。。非常多。。。。。。怎么就能这么个处理方法？？分明就是怕人家看出真正死因。特殊死亡案例也是要家属亲自走了手续流程才能领遗体火化的。每一步骤都不对劲，校方是真的恶心	1
人都不让见直接给骨灰？	1
希望能能给一个说法	0
肯定有知道真相的学生，只是没人愿意没人敢站出来	0
关注，还真相	0
我尼玛有病！！6点40坠楼，8点办救护车才到？？！！	2
为什么每次发生这种事情都是没有监控的！！	1
评论全是网友瞎猜，有知情人士吗	0
好可怜，为什么有事情，总是非要瞒报呢，说明事情经过，这么难吗？	1
之前我们学校一个晚上跳了两个一男一女学校也用很快的速度封锁了消息现在还是不了了之	0
妈呀，太黑暗了	3
好可怕	1
好生气，这么长的时间了就算有什么真相都说清了吧？到现在还没有具体的回应，难道是在想办法编理由吗？	2
@Edc十年老粉	0
120去的医生应该知道死因	0
这事情要是不给个说法，天理和正义在哪？	3
还是人做的事？？。。？？？	1
其实49中距离最近的六医院只有3.2公里，打车一分钟	0
微博维权……	1
可怜的母亲，以后都没办法过母亲节了	1
公开监控是害怕有无辜的人卷入吗？	1
给公众一个交代！	0
图片里的求真求实求善求美真讽刺	1
班上同学一个个查	0
求真求实，至善至美，简直可笑！	1
如果你是知情的同学你愿意匿名说出真相吗？如果你知道你的孩子知道真相你会鼓励孩子说出来吗？如果我们从小的教育就是事不关己高高挂起，这个社会以后会多么冷漠！！！！！你永远不会知道下一个发生意外的是不是你，如果是你，你也希望知情者像你当初一样沉默么？	3
“求真求实，至善至美”这几个字太讽刺了	1
唉，看的好难受	1
看到这种新闻，太难受了	1
#成都49中回应学生从楼道坠亡#蓄意毁坏监控破坏证据，不让接触同学，不给家属回应，等人死了才叫救护车，我就默认为是谋杀然后毁灭证据了。	1
求真求实、至善至美，这学校的牌子真是讽刺啊自己都做不到	1
学校有什么权利在家长都还没到的情况下，就把人火化了？	1
为什么不让见孩子最后一面？为什么媒体表示不要白费力气？辛辛苦苦的养大的孩子死了连怎么死的连一个说法都没有吗？天天喊着让我们生孩子，生下来除了被割韭菜莫名其妙死了也都一点办法没有的？？@紫光阁	2
学校应该好好安抚家属，还家属真相	0
49中校长杀人事件	1
咋回事吱个声啊，TMD就这样悄悄吧人家孩子拉走，凭啥	2
也有可能公安把监控调走了，把学校那份删掉了，防止信息被恶意传播。所以这时候还是找公安吧。	0
坠亡时到底发生了什么？>>O中学生从楼道坠落死亡唯独事发那一段没监控	1
虽然旁观者会说：为知全貌不予置评……但是，这种情况下，让一个妈妈怎么能冷静理智的去等待呢，她没有第一时间被告知孩子出了事，没有在事发现场见到孩子最后一面，只是第二天在殡仪馆看到尸体，作为一个妈妈，她没有发疯，已经是最大的克制了	0
学校负全责！还在逃避	1
曝光了调查了开始接触了早干嘛了	1
不上热搜就不准备接触是吧	1
监控总是出问题！！！！是否应该把全国教育机构的监控都应该联网给公安实时监管监控备份！！	1
监控突然缺失这个21世纪物理学难题希望留给下一代解决。	0
被别的学生推下去的，然后学生家里有关系瞒下来了	0
监控早不坏晚不坏，一有事情它就坏。	0
这个学校问题太大了，一定要严查。	1
舆论比什么都管用。	0
监控关键时候就坏	0
孩子突然就没了，家长肯定无法接受的，校方必须给个交代，不要昧着良心做事了	1
微博舆论办案	0
一条人命啊	1
以后，像学校、医院等这种场所，如果因为摄像头坏了导致无法查询真相的，视为校／院不作为，负主要责任，除非你有监控举证和你没关系，不然你作为责任人必须坐牢，再看看还有多少一有事监控就坏的情况发生	1
学校不给看还用想吗肯定是学校那边有很大的问题	1
”我不知道“	0
下大力度整治监控问题！再有这种情况单位领导全免职，看看还坏不	1
成都49中:监控事发片段处理了，可以和家属接触了	0
这种没有监控的，都应该判学校全责！不然他们想怎么搞学生就怎么搞，反正事后这段监控都不会有！学校有监控是义务，学生家长出事后看监控是权利，他们既然不尽义务，为何不承担后果？	1
肯定有问题，一定要严查，扫黑除恶	1
不管学校和老师应该负什么责任，学校不能这么处理问题，就算已经确定要走法律渠道了，但也有起码的人性关怀，孩子没了，是不是得老师，学校领导，家长三方，先在一起给家长介绍下情况？	0
我真的很想知道他们为什么那么确定是18：40准时自杀的？监控拍到的时间是18：40？那为什么后来监控又没了？或者孩子出事时有人同行所以同行人说的18：40？那为什么同行的人不阻止？为什么同行的人没有一个站出来发声？	1
欺上瞒下，欲盖弥彰，难咎其责。	1
果然，监控缺失	0
暂且不说怎么追究校方责任，就这处理事情的态度真让人气愤！	2
监控缺失，有点惹人怀疑啊！	1
这哪是毁了一个孩子，这是毁了同年级同学和所有目击者的一生。	1
诺大个校园容不下一张安静的书桌	1
安防系统到底有没有用？只要出事监控永远缺失？	1
全国学校安装了智能监控，一出事准坏！！！！	1
校方的意思是摄像头都看不下去了，捂住了眼睛？？？	1
工作人员一问三不知	1
不是第一时间接触，现在才已接触，一个学校都这么牛逼	1
水太深，还会出现在现在的社会中，是真的太悲哀了，难道一条活生生的生命因为水深就这样没了吗？	3
希望写入中国法律！！//@不爱吃蔬菜DK:建议立法监控区域出现重大事故的如果监控失效监控器归属方默认全责//@李淳风・:就是问为什么监控到关键时候就没有了	0
毁坏藏匿证据判刑	0
监控神秘失踪	0
建议今后监控都网盘备份	0
@头条新闻@央视新闻@人民日报一定要改善这种情况！每次这种校园事件，摄像头不是摆设，就是唯独欠缺那一段？先不说想隐瞒什么，最起码整顿一下这种不负责任的行为态度。学校是一个孕育国家人才的地方，是人们的神圣的地方，可却每每做出这些有坏国风败坏底线与道德。让亿万家长和学生怎么看待和后怕	1
成华区这种应对处理，真的垃圾！你根本没有解决公众的疑虑，你把事情说清楚了，获得了家属的理解和接受了，这个事情才真正解决了，你现在这个东西发出来，就想堵大家的嘴呗！	2
没有监护人的同意如何能火化	0
为人父母，怎能沉默！请给公众一个交待！	2
网友都可以当警察了，我不相信警察的办案能力还没有非专业的网友差！重要监控为什么没有？不可疑吗？没有办法恢复吗？修电脑的都能轻松把删除掉的照片恢复，我不相信国家连恢复视频的人才都找不到？什么都遮遮掩掩欲盖弥彰……越这样人民越不信。	1
监控机器拆走，做数据检测，如有删减，数据做复原，同时控告学校销毁证据的的相关罪名	0
你我皆蝼蚁命如草芥	3
再搜人生就像泡沫已经不存在了	0
账号都不存在了？	1
监控总是这么凑巧就坏了？……那是一条人命啊父母连自己孩子最后一面都没法见到这学校有问题	1
学校怎么可能有这么大的势力操控媒体，操控警方？背后有老虎幼崽吧	1
这监控都是装来做样子的是吗？关键时刻总是丢失	1
这学校从做事的时间线、发文的回应内容和这个电话，态度都很硬气啊，哪来的后台撑着的？	1
要求跨省异地办案，拒绝本地人查本地领导，拒绝形式主义走流程不作为	0
@共青团中央@紫光阁@央视新闻希望能得到真相#成都学生坠亡事件有哪些疑点#	0
如果是学生干的，学校早撇清关系公布视频了。如今看来就是老师或领导干的	0
我不知道，我不知道，我不知道	0
这不把监控的事情搞清楚，大成都要给全国提供一个模式化解决方案了-删监控	0
还得是头条新闻。我爱头条新闻。	0
事发后，报警，而且还火化了？！这是“死无对证一条龙服务啊	1
为啥学校一出事，监控永远是坏的？	1
麻烦大家看看我的微博，这种人就应该曝光	1
关键时刻监控都是坏的，呵呵。	1
必须查清楚，还孩子一个公道	0
嘞B	2
也许是普通坠亡，也许是学校完全没有法律责任，但为什么要拒绝给看监控，隔了2个多小时后才通知家属，还不让看遗体？	1
没错，对于岁静来讲，他们的人生就是泡沫，不是像。一夜之间全部归零，才是他们的归宿。这话虽然听起来残酷难受，但真实存在。	1
把人家微博都删了。人那段视频也没了据说只拿到骨灰。学校好大权利啊。不怕晚上做噩梦么	1
这个家长的微博炸了？为什么搜不到了？	1
靠靠靠，连人家微博都强制注销了吗？mmp	2
关键时刻学校监控就坏了？凭什么直接拉去殡仪馆？	2
已经找不到了	0
学校的老师，领导们，你们还配做人吗？！都是高学历，为人师表，难道不知道该你承担的责任，是无法逃避的吗？一条鲜活的生命，在你们眼中算什么？你们是人吗？	2
养了17年，所有的心血付之东流，被轻飘飘的一篇通报带过，学校草菅人命以后还有人放心把孩子送到你们那上学#成都坠亡学生家属不认同教育局通报#	1
监控监控监控！！！！！	0
平时监控好好的一出事就坏了没了做贼心虚	1
细思极恐	1
就是不知道不知道不知道	0
看来校领导上面的关系还没打点明白啊	0
学校做法是有根据的，正所谓防民之口甚于防川，首先就是把大家嘴堵上。	1
试问一下这些三缄其口的人，如果是他们自己的孩子，会怎么样！	0
学校难道是监狱？全封闭见不得光吗？	1
这监控。。。	1
痛心！！！！	1
实事求是，就做不到吗	0
请务必要查清楚！	0
最好的借口就是那一段时间监控坏了，哪儿都是这种说法！	1
对@人民日报	0
学校怕什么，官官相护而已，最后可能又不了了之	1
家长的微博没有了	0
然后这位阿姨的账号就被销户了？	1
微博没有了，该用户不存在	0
卧槽这家长的微博怎么没了	1
家长母亲号都没了	0
为什么家长的微博没有了？	1
这位妈妈的微博都被删了吗？	1
天呐，家长的微博账号都没了，该用户不存在！	1
人生就像泡沫的账号被注销了?	1
账号也没了，渣浪真牛逼，助纣为虐	2
用户已不存在，呵呵	1
这个微博号咋没有了	0
？？他妈妈的微博注销了？	1
母亲的微博都看不到了额好吓人	1
为什么家长的微博号没有了…	1
人生就像泡沫的微博也被黑掉了	1
孩子妈妈的微博号没了	0
成都是个很魔幻的地方啊	1
事故发生第一时间就应该给父母一个交代现在学校就是个笑话	1
监控有苦说不出吧，你这要是校长办公室失窃，你猜监控好使吗	0
中国特色，法制社会。落到谁头上谁就得挨着	3
心痛！都是爹生娘养的，知情的你们就这么丧良心隐瞒真相，不会睡不着吗，何来的朗朗乾坤！	2
只要出事监控就坏？领导来检查啥都是好使的！？	1
学校没有一个老师、学生发声吗，好奇怪。	0
官方永远那么正牌，你们就不考虑一点人性吗？能不能积极的受害者沟通，这个事情对你们说是少了一个学生，都受害者这是一条性命	1
那个微博（泡沫）到底是谁的？	0
为什么用户被注销了啊	0
这件事让人很失望，但是我们平民老百姓，小老百姓又能怎么办呢？唉，家长好好的吧。我们也都保护好自己，过好自己的小日子。	3
为什么监控就坏了	0
不要逃避问题，该给大众一个真相了，垃圾学校，	1
化学老师太可怕了先硫酸再推下楼	1
具体情况不清楚，怎么能说得出这样的话	0
微博都被封了，好惨	1
请大家坚持关注下去直到真相浮出水面！我们都曾经是孩子、未来也会有自己的孩子。如果每次都没有与这种事件斗争到底那么未来谁能保证这种事件不会出现在你我孩子的身上？	3
当事人微博都被封了?凭什么？不过这也难堵悠悠之口！！就算这位阿姨的微博被封号！我们也得发声！	2
为什么林妈妈微博被注销了	0
好心痛啊，谁受得了这么大的打击啊	1
应该追究教委和学校校长的责任	0
到底多大背景啊！中国这个社会，背景决定一切	3
家长的微博号没了	0
用户不存在？成都教育系统公检法从根儿上烂透了	3
他妈妈的微博为什么meiyl	0
微博名都搜索不到了！！	1
号呢？	1
阿姨的微博账号都不存在了	0
默默转发让更多人看见……	1
被销号了？	1
家长微博看不了了？	1
咋个这位母亲的微博号没了？	1
刚才搜林同学妈妈的微博直接显示用户不存在了！	1
用户都不存在了？？？	1
为什么学生家长的微博号什么也没有？	1
为什么这位妈妈的号被删了？	1
这个摄像头总是坏得很及时	0
微博账号都被屏蔽了?	1
@人生就像泡沫账号没了	0
为什么他妈妈的微博不存在了？什么意思	1
“来就来大点”，校长及带班主任一并免职，市教育机构领导连带降级	1
孩子母亲微博怎么回事	0
“人生就像泡沫”的微博账号已经不存在，是被和谐了吗？	1
过几天不会家长说不追究了吧！唉，害怕?	1
出事在办公楼，亲妈不让见尸体，教育局比公安局先发声明	0
用户不存在？？？	1
这次的名字叫《坏掉的监控》	0
孩子家长都被屏蔽了，你还头个什么条？	1
这所学校的名字、校长的名字，真是永远写在耻辱柱上了！！！	2
必须查清楚，给社会一个交代！不然以后其它学校也会如此荒诞的处理学生身亡事件！同为一个孩子的妈妈，我真的说不出对这种莫名其妙的事情有多愤怒！！！	2
号主号被封了	0
人生确实就像泡沫，一个学校都可以随便掩盖事实。。	1
人生就像泡沫的账号呢？封了？	1
现在母亲的微博已经不存在l	0
用户不存在？？！！！	1
为什么家长的微博号不存在了？新浪又做了什么？	1
妈妈的微博用户不存在了！！！	1
希望真相大白	0
事情过去多久了才开始接触？还一问三不知	1
这个用户妈妈都不存在了，这么吊诡，微博上因孩子身亡事件控诉的家长不止她一个，但不存在的用户，她倒是最快的。	1
不给进多数心虚有鬼。	1
不让妈妈见自己孩子的遗体那就离谱了，里面的老师和学生没一个站出来的吗？其他家长还敢把自己的孩子放在这样的学校？	1
天！死者妈妈的微博账号被销掉了！现在进去什么都没有！！！这是强行让人闭嘴，无处发声吗！背景这么厉害吗	2
个人觉得先不说娃娃这么死了到底是咋回事，我也不想没根据就说是学校全责或者娃娃自己不小心掉下去。但事情发生后校方不要看监控，又不要家长进学校，甚至禁言属实是少脑子的举动，你越这样偷偷摸摸，不光明磊落要家长进来，家长和群众越觉得你学校有问题。你的态度搁那摆着，给人一种不值得信任的感觉	1
顶你上热搜	0
这个剧本太烂了，每次发生命案，总是监控缺失。能不能换个借口。	1
我们不过是亿万年宇宙中的转瞬即逝，终将被遗忘的一粒尘埃??	1
你不转我不转，轮到自己没人管	3
有点害怕，如果学校跟家长单方面接触，没有警方在场，会不会家长也“悲伤过度”跳楼了，录像继续坏？	1
我们都在支持你，你并不孤单	0
PY交易	0
盲猜一个抑郁症	0
来个清官吧做个人吧！！！	1
无耻的校方	1
如果学校不能证明自己无责，那就就应当承担责任，你现在学校拿出什么证据了吗？空口说的声明？孩子在你学校没的，你怎么都脱不了干系，还刷官腔，能耍到什么时候？	2
这样的事情有多少，有几个拿出过监控？凤毛麟角！	0
气得我想去那里摇旗呐喊	2
监控总在关键时刻掉链子。	0
公布监控，比什么都有说服力	0
怎么到现在还在这种情况，一点进展都没有	0
反正就是：我不知道，不清楚，不方便透露，公安已介入，反正就是我不知道	0
为啥不让其他学生说，你们越这么包庇学校，学校更加是无忌惮，谁也不知道下次这种事情还不会发生	1
希望继续跟踪报道，还事实真相	0
监控都是摆设，刚好就刚刚好	1
养了十几年的孩子说没就没有了，求真相求监控！	1
望警方能正面出示事件的前因后果，	0
扩	0
我们的警察是人民警察！我们的检察院是人民检察院！我们法院是人民法院！	0
#教育局通报成都四十九中学生坠亡#为啥不给看监控，为啥不让妈妈见孩子，为啥晚通知家长，为啥不经孩子妈妈允许直接火化，为啥不让同学们发言，还有那个化学老师的事属实吗？一个也没回答，真当网友是傻子?	1
求真求实，学校的校训简直就是讽刺！求一个公道和真实	1
顶！	0
不做亏心事，不怕鬼敲门	1
嗯	0
事情是掩不住的，总会有真相的一天！持续关注	0
为什么那些家长同学不能站出来呢？都是有孩子的人就不怕哪天落在自己身上吗？还敢在这样的学校上学？？？吃人的学校	2
媒体请帮助！！！不要被和谐！	0
为什么家属不到场就可以直接火化掉呢？	1
你TM现在才开始接触。不是第一时间就应该通知家长吗	2
具体情况不清楚，这是在打公安脸？	1
学校绝对有问题！	1
学校的态度和回应真的让人愤怒?	2
再怎么样学生在学校发生意外，你怎么样都要负点责任，更何况监控都不给看，而且监控设施坏掉了你们却不即使处理修整	0
垃圾学校	1
家长连看的机会都没有。居然说自杀。肯定有事吧	1
毁尸灭迹	1
监控坏了，谎言就不远了	1
坚持关注！！不要让新闻被压了	0
监控坏了，学校就必须无条件负全责	1
为什么一出问题监控就丢失？有没有目击者，能不能站出来还原事情真相。	1
这是什么中国鬼教育体系	3
监控是永远看不到的	0
学校太无德了	1
学校派出所监控都容易坏	0
一有事情就监控缺失	0
监控人民的人脸识别，设备到处都是完好的。监控自己的，连法律都含糊不清，更别谈监控了。	0
嚯！关键时候监控就缺失了	0
决不能无声无息，在当今治下不应该发生这样的事，必须追责。	1
做这些事的人良心过得去吗？没有儿女吗？	1
49中的操作者们不怕报应吗？	1
校长赶快买保险吧	0
这回应跟没回应一样。孩子好好的为什么突然坠楼？事发时的监控呢？不让其它同学发声，不让看事发时监控，学校到底在遮掩什么？	1
为什么那么晚通知家长？为什么不让看监控？为什么没有及时救治？为什么不让家长看孩子？#成都49中#	1
责任完全在美方！是它们害死了这位年轻的孩子	1
问今日之中国，是否是百姓心中之中国？建设大家的中国，是否沦为了一句谎言@央视新闻@人民日报	3
这时候就需要惩罚者这种硬汉了。	0
查出真相！！	0
校方没有问题，监控随便查，一旦有点联系，对不起，监控死角或者监控坏了	0
就问凭什么不通知家长就处理了人家孩子遗体？？？？送去是健健康康的孩子回来的是一罐骨灰？这种学校谁敢去读？？？？！	2
建议刑拘该校校长由校长负责	1
公检法联系该校所有同学看能不能取证…	0
采访学校不如采访警察，但凡警察敢出来开记者会面对媒体记者都不至于这样警察是有必要对这种严重舆情关注的案件做公开交代的	0
如果按照校方所说坠楼死亡，假设如下:孩子坠楼(假象，并不是致死原因)?(往前推)坠楼前已死亡，防止被查，营造坠楼假象?犯人蓄意谋杀/临时起意。	0
这种事真的会气愤，孩子死了，连尸首都不让见直接火花的话，不得不产生偏激思想，换作我，可能会让校长，主任的孩子一起感受真实的社会	2
压制真相，这个社会真悲哀啊	3
这个学校简直就是人间地狱	3
希望查明真相，给孩子家人一个交代	0
终于上头条了	0
学校到底在逃避什么？为什么事发一段视频没了？	1
@央视新闻求真像	0
天理何在、法律何在、人情何在、良心何在！可怜的孩子，家长一定要手刃与之相关的人，坚决不可放过坏人！！！	2
是不是失手了，才不敢给人看	1
为什么监控那么及时的坏了？家长有权利知道孩子坠亡的过程	1
每次监控都会丢失。。。	1
太黑了	3
一定要严查！！！	0
！顶	0
等真相	0
录像选择性缺失是很正常的事，毕竟关系到部分人的帽子。帽子重要还是真相重要？想必大家已经做出了选择。	0
终于看到头条转发了	0
总有手段恢复视频	0
谁把监控弄没了，按谋杀罪处理，	1
路上拍违章的监控不见坏，学校的监控倒是时坏时坏，很有深度。	0
6.40出的事，9点才通知家长，中间两个多小时干嘛了？	0
如果监控被人为删除，有办法恢复吗	0
必须严惩。总得知道具体啥情况吧。也不知道给知行楼的哪个大人物遮掩。	1
水深	0
中国特色监控赛高	0
四个字，草菅人命	1
不要扯什么摄像头坏了之类的屁事，之前还有人说非警用摄像头质量不好，容易坏之类的。后来我问了好几个不同学校的领导，他们都说不会坏的，上级有监控，摄像头一但有问题上级分分钟就电话打过来问情况了，反正我们这边是这样的	0
校长什么时候撤职不配为人师	1
一定要查明真相	0
对错真假我们都没有资格讲。但是无论什么事情在天朝都会搞得非常的复杂。体制利益的纠缠，人心的深遂，不可名状的不信任和预判。。。	1
有没有知道真相的同学站出来给妈妈一个解释	0
监控缺失，就判定缺失方全责，顶格赔偿！该坐牢的坐牢，以后监控就都好了！	1
接触个屁，接触啥啦，怎么接触的，你看这人一问三不知，啥都推给警方就知道根本没搭理家长	2
关注，希望还家人一个真相	0
那么多同学，肯定会传出消息的，而且不一定得是同班同学才会知道。如果日子还想过下去就只能按照某些程序来。如果不想过下去了，方法也很多。	0
微博维权	0
城里是这样，县城的话全村的人早就涌进学校摆摊了	0
摄像头只有在交通违章的时候最管用	0
这真的把我激怒了！	2
政府早就没公信力了，很多工作都在地下秘密完成了，我们永远不知道发生什么事	3
现在报警是不是都要上wb才行？？？真诚发问	0
直接把校长关监狱，事情解决才放他出来，相信能快递破案。	1
祖国今日和平安宁来之不易，革命先烈用鲜血和生命换来的民族独立，华夏儿女用青春和汗水拼来的繁荣富强，绝不允许任何人破坏。我们决不会坐视国家安全和发展利益受损，决不允许敌对势力破坏国家安全稳定和人民的和平生活，决不允许颜色革命在这片土地上发生，任何人想要进行这样尝试，必将迎头痛击！	0
真怕最后跟杭州野生动物园一样乌龙，相信国家，一定会给出真相。	0
这个事情觉果是什么哪个好心网友科普一下	0
大家冷静，不要被带节奏	0
林妈妈看到死去的孩子了吗？	0
想想凌晨3：54的通报笑死个人够敷衍的拿大家都当傻子	1
都是这样的例如一个有点理想的记者张洋强奸包养了我女朋友张迪我都举报无门每次发出来都被封号这个记者力量太大了@一个有点理想的记者	1
每次出事都是监控坏了，真tm巧合	2
现在说不定那不是案发现场，有可能是教室或者厕所，而且没有的那段视频到底发生了什么，大概知道警方在包庇某个人吧，或者有哪个势力在阻止	1
妈妈的微博怎么注销了	0
每次都是第一时间删除监控	0
学校养凶手牛	1
小孩妈妈微博不见了	0
孩子妈妈的微博都被和谐了，他妈的！！！！	2
人生就像泡味被禁了！	0
不管是普通坠楼还是咋滴，学校都要负责，起码不能这样冷漠的对待痛失孩子的母亲！	1
监控录像是可以被修改的，为什么第一时间不给家长见，这么长时间完全足够修改监控了	0
所有人都盯着学校、公安、法医、“推人者”、化学老师，好像还漏了一个人――监控设备，及系统安装服务是哪家公司提供的？这家公司是不是应该出来承担监控失效的责任？请这家公司的负责人给个说法	1
微博已经空了	0
真相往往是赤裸裸、简单粗暴的。	1
学校一切的应对都是为了划清自己无责，除此之外便是严防死守，冷血至极//@黄章晋ster:很可能这只是一起普通的坠亡，学校与孩子的死没有任何法律责任。而母亲陈述的种种反常，只是无法接受丧子之痛的母亲的常见心理反应，但官方公告行文的简单粗暴和应对公众的消极冷漠，不可能不激起公众怀疑和愤怒。	1
//@钓鱼岛蓑笠翁:从上次成都大学毛洪涛书记自杀事件就已经可以看出成都这潭浑水有多深了……	1
这时候都不忘推销你家app，人血馒头好吃嘛？？？//@头条新闻:坠亡时到底发生了什么？>>O中学生从楼道坠落死亡唯独事发那一段没监控	1
微博没了	0
这个泡沫冒了个泡就没了？是不是真的家长本人呀？查无对证，真的应该网络实名制了，不然随便一个人说一句就能被人利用掀起这么大动静，看来美国经费没白花，也动了不少脑子。	1
为何用户不存在？？？	1
公众关心的据家属称：监控缺失、不让见尸、救护与通知监护人异常延迟、威胁禁言等关键问题	0
他母亲的微博点进去已经没有内容了	0
该网友账号已经被注销，草！	2
@来去之间这个当事人微博怎么没有了？	0
水落石出！	0
监控如果真的被删除，不是可以恢复嘛？	0
为何当事人微博不存在了@央视新闻@南方日报@头条新闻@四川公安	0
为何点开这个妈妈的微博显示不存在，这些畜牲不仅杀了她儿子还要把他的妈妈从网上消灭――数字杀人~	2
请参考泸州太伏一中	0
很多人都觉得新闻隔着一层屏幕，仿佛两个世界，自己是个普通人，老老实实过自己的日子，什么事没有，拥护国家的一切政策拥护党。但只要事件发生在你身上，你才会有切肤之痛，官僚，法律，正义，真相，你会发现一个新世界，一个真实的世界。每个人都在做沉默的羔羊，看着身边被宰的羔羊，觉得跟自己无关	3
当事人的微博咋点进去显示账号不存在???	1
“如果这个世界真的是这样的话，你放心把你的孩子生出来吗？”――《少年的你》	3
为什么他妈妈微博已经不存在了？	1
散了散了，已经和解了，大家去找下新的热搜关注讨论吧	0
pi	0
为啥微博不存在了	0
死者妈妈的微博怎么没有了？	0
或许是为了保护某位重要人物的儿子	0
为啥死者母亲微博不能看	0
那个妈妈的号为什么没了	0
感觉这个学校势力好大，孩子妈妈的微博号已经被封了。势力大的都可以让新浪微博让路了？	1
why？阿姨的微博呢	0
怎么用户不存在？	0
她的微博被封了	0
家长微博已经被封了	0
@人生就像泡沫	0
孩子妈妈的微博账号已经不存在了可怕?	1
啧啧，搜不到他母亲的微博了	1
为什么把当事人账号封了？	1
这个妈妈已经很冷静很理智了	0
为啥微博账号也不存在了？	0
家长微博都已经被删了	0
她妈妈的账号不在了	0
为什么妈妈微博没有了	0
@人生就像泡沫用户不存在？？	0
账户不存在？？？号都被封了？	1
微博怎么没了	0
为什么家长的微博不存在了？？	0
不知道这回被当枪使的网民们还是上次那一批吗	0
为什么家长的账号被封了？为什么？为什么？有权力真的可以只手遮天了吗？微博发声都不好使了	2
男孩妈妈账号被注销了…	0
用户已不存在？渣浪想死？	2
妈妈微薄也给关闭了@新浪微博几个意思？？？好吓人…	1
家长微博为啥没了？？	0
为啥人家封人家妈妈的微博号？	1
为啥该用户不存在？这么恐怖的吗？	1
光天化日之下，学校做法有辱斯文！	1
这个网友人生就像泡沫已经搜不到了	0
说一套做一套	0
账号改名了：四十九中林同学妈妈	0
这位母亲的账号呢？	0
这个妈妈号没了	0
妈妈的账号被封了？	0
搜不到了	0
给个监控那么难？隐瞒真相吗？？	1
家长的号都能被炸，厉害了	1
为什么学生家长的微博没有了？	0
为什么人生就像泡沫这个用户不存在了？？？	1
为什么看不到妈妈的微博了？在掩盖什么吗	0
为什么受害者母亲的微博被注销了？？？？	1
为什么这个妈妈的微博显示该用户不存在了？？？	1
救命他妈妈账号改了个名字而已，不要说的这么黑暗	0
阿姨微博已经被和谐了？	0
为什么不让看受害者妈妈的微博呢	0
为什么人生就像泡沫微博都看不了呢	0
监控，永远是维权的时候，必坏！	0
账号注销了？	0
扫黑除恶有时候针对的只是弱者	0
微博都不见了	0
这个家长微博号打不开了	0
号怎么没了	0
“人生就像泡沫”用户为什么不存在了？	0
为什么受害家属的微博被注销了	0
为什么孩子妈妈的微博没有了	0
校长与家长接触是为了什么，双方和谈吗？公安呢，现在不是学校与家长的事了，是所有关注这个事情的人	0
家属的号为什么不见了？	0
孩子妈妈的微博怎么没了，点进去说用户不存在	0
家长微博没了	0
家长的微博号没了？	0
为什么这个母亲的微博号已经找不到了???	1
用户不存在昂	0
林同学母亲微博被删了？	0
用户不存在！他妈妈的微博不见了	0
顶上去只有舆论才能推动办案！可悲的中国社会	3
为什么死者母亲微博不存在了？	0
把家长封号了？？？为什么没有了，中午还可以看到	1
为什么孩子妈妈的微博被注销了？？？！！	1
帮帮他们吧。	1
妈妈的微博是被封了！？	1
为什么孩子妈妈@人生就是泡沫的微博被注销了？？？！！！	1
人生就像泡沫都不存在了，官方咋回事儿，收了多少钱，消一个号	0
删号是真快啊	0
家长的号被封了？？？？？	1
不敢看监控就是有事	1
已经搜不到这个妈妈的微博了	0
已经销号了，漂亮渣浪！	0
为什么死者妈妈的微博被注销了？	0
微博都被注销了，	0
希望热度别马上降下去	0
微博怎么注销了	0
诶怎么人生就像泡沫的微博用户不存在了	0
为啥发文微博没了	0
哈哈哈，这孩子家长的微博已经没有啦。点进去看提示用户不存在。这力量越来越大。	0
孩子妈妈的账户不存在了，热搜也全被换了一遍	0
这位家长的微博ID现在都搜不到了！！	0
啊这～当事人微博页面显示用户不存在～	1
妈妈微博已经不存在了上午我看还有	0
用户不存在？？？？	1
为什么@人生就像泡沫点进去显示用户不存在？？？	1
怎么用户不存在了？	0
家属炸号了？真行！	1
为什么“人生就像泡沫”用户不存在了？	0
人生就像泡沫这个账号被封了	0
家长号没了？	0
应该设定一条法律，关键时点的监控坏了，也承担相应的法律责任，就不敢坏了吧	0
为啥他妈妈微博都不存在了呢？	0
人生就是泡沫的微信号已经不存在了	0
为什么当事人账户被注销了	0
孩子妈妈微博。用户不存在了	0
就黑暗成这样子了？可以只手遮天了？还要靠老百姓的舆论才能引起关注吗？当事人微博也看不到了	1
现在妈妈的微博已经进不去了	0
孩子妈妈的微博号都被撤了也是可以的	0
林妈妈的微博怎么没有了	0
天啊我刚刚看到49中那个学生的妈妈微博不存在了太可怕了	1
妈妈的微博为什么没有了	0
家属微博都没了，这也太可怕了吧	1
用户已经不存在了	0
给洋大人，找自行车的时候监控就是好的。学生死了监控就没了中国教育真的形势大好	0
小孩母亲微博封了？	0
孩子妈妈的微博搜索不到了吗	0
孩子妈妈微博被注销了！	0
没人发现林母微博被封了吗	0
想好怎么编了？	0
牛皮啊，把孩子母亲账号都封了，干的好，一手真的可以遮天	1
求真求实，至善至美。这学校，校训好啊。	0
别问，问就是监控坏了，问就是学生自身问题	0
头条新闻是良心媒体，热搜被下了，头条又给送上了热搜	0
为什么这个同学妈妈的微博什么都看不到了也搜不到了	0
就这么明目张胆的把她微博关了？学校后台真特么硬	2
为什么用户不存在了	0
妈妈微博都被封了	0
受害人母亲的微博已被删除	0
监控呢？毁灭证据是多大的胆子多黑的心	1
为什么死者的母亲微博被封了呢好恐怖	1
用户不存在了？为什么	1
为什么死者妈妈的微博显示用户不存在了？	1
阿姨现在是被封号了吗	0
阿姨微博也没了	0
图片评论关闭了？	0
为什么这位家长的微博打不开了？	0
我的天，连家长微博都给清了，这花了不少钱吧，如果没有猫腻，为什么这么害怕别人说话呢！！太可怕了这个社会，没有人管管吗，身为家长只想要一个真相这么难吗	3
遮遮掩掩	1
有趣…明明平时学生有点磕磕碰碰都会第一时间通知家长的	0
去年也有一个案件是这样哦，关键时刻监控全部坏掉一样是孩子死了家长想进去看一眼都不同意	0
怎么可能才800条	0
校方有这个权利吗？来，见证一下正义与权利的较量。如果校方再执意如此，这校长很快就会凉凉。。。	1
监控是有问题吧校领导心里有鬼吧	1
一问三不知？遇到事情就逃避？怎么教育	1
校方有这个权利吗？来，见证一下正义与权利的较量，如果校方再执意如此，这校长很快就会凉凉。。。我所有的学生生涯里，见证过最势力眼，最不负责任，最色的就是高中班主任和一些老师。。。当然也有很好的高中科目老师。但是，我整个高中感受到的90%只有绝望。。。	1
看到这则消息心都凉了一大半我们皆为蝼蚁	3
校方有这个权利吗？来，见证一下正义与权利的较量，如果校方再执意如此，这校长很快就会凉凉。。。我所有的学生生涯里，见证过最势力的老师就是高中老师。。。	1
社会就是这样，一句监控坏了可以逃避一切！	1
校方有这个权利吗？来，见证一下正义与权利的较量，如果校方再执意如此，这校长很快溜就会凉凉。。。	1
顶上去，彻查真相	0
监控！！！	0
学校培养人的地方还一味逃避！！！！	1
监控:一出事就是坏的，反正坏的很及时	0
公检法联合搞你，你能咋	1
监控还能选择性失明吗？不得不说真黑暗呀！	3
需要靠媒体的力量才能起到一点反抗，普通人的维权真的好艰难	3
请还死者一个公道	0
这样的学校试问哪个家长还敢把自己的孩子往那里送？现在我们国家已经沦落到了了某些官员就能只手遮天的地步了吗？！太可悲了！！	1
为什么人直接被拉殡仪馆而不通知家属？为什么不给看监控？	1
我不信邪，我就是要等一个结果	0
学校教育圈子肮脏一条裤子	1
看监控	0
上次货拉拉的人家就直接监控放出来了，所以说，犯事儿的人不一样，媒体和那啥对待的态度方法也不同啊！？	0
支持您继续追究真相	0
这个学校为什么把家长拒之门外？什么学校这么牛一手遮天？天理何在？这是草芥人命吗？	1
ctmd监控	2
无法无天了把国家法律法规放在哪里？@央视新闻@人民网	2
中国的监控很厉害，需要看的时候就确失	0
在校园发生这种事，真的影响深远，希望国家可以彻查此事	0
@央视新闻@央视新闻	0
这个为什么不是警方发公告这里面到底藏着多大的腐败	1
还真相	0
过分！！！！！！	2
请给家长一个真相......	1
等会人家父母情绪控制不了拿把刀砍死那些狗领导	2
监控监控监控监控监控监控监控监控监控监控	0
不知道还是不敢说什么都不知道出来说什么	0
只要求一个真相	0
孩子的遗体都不让自己亲生父母看，这是什么心理	0
监控：特效制作中。	0
希望官方给出真相！	0
有权有势的官方再不给个消息，我们老百姓人生就像泡沫！失去了也没法讨个说话，不是泡沫吗！	3
监控缺失........让人怎么想。	1
可以以后让监控直接归属官方部门管吗，这都是未来的希望啊	0
鹅毛飘雪	0
想让别个闭嘴呀？想拿钱解决呀？	1
不给看尸体，不给看监控，两个小时的救护车，学校600米处的医院，教师楼	0
监控呢	0
真是好一个一问三不知	1
所以学校到底在掩盖什么	1
这件事情绝对不能就这样过去。否则还会有第二场第三场第四场永远不断的悲剧上演。	1
求真求实，至善至美。恰到好处的讽刺，不亚于G7	1
保持清醒！什么化学老师之类的不要信！！烟雾弹烟雾弹烟雾弹！！！关键是监控！！！！	0
好惨啊真实版顶楼	1
可是我们都至死都是一些底层的小人物	3
牛逼破拉丝学校	1
杭州保姆纵火案还不是没什么用。醒醒吧有这时间再生一个	0
监控这个问题能不能出台相关律法，一有事儿就坏，按那玩意儿有屁用。	0
到底在干什么！！！！	1
而且，我很奇怪，为什么每次学校发生事情都是想着压下来，你是学校，又不是股票上市公司，你不应该严格支持给社会真相吗？该怎么就是怎么样，加大管理，一个好的学校，应该是以积极地态度严格的手腕打击学校不正之风，而不是一有事就压住，弄得像不见得人一样，谁敢相信学校。	1
upup	0
希望大家都关注这个事情，一定要真相，不然它以后也会发生在我们身边，不造谣，要真相。持续关注	0
问他都说不知道。	0
监控没用吗？	0
监控，真相	0
如果没体罚没有伤口，为什么孩子去世了直接拉去火化而不是通知家长？	1
真的…人生就像泡沫…一下…就没了md	2
问什么都是我不知道	0
什么场面让摄像头吓得闭上了眼睛？	0
希望能快点拿出真相	0
还原全部监控---还原全部监控---还原全部监控	0
如果是现实版的沉默的真相就蛮恐怖的	1
几乎所有社会问题都是这样的操作，难道不是吗	1
为什么学校不敢让学生说？为什么要威胁学生？为什么不能看监控？！	2
他们是要无法无天了是吗	2
怒斥49中！	0
@共青团中央@紫光阁@中国政府网@国务院公报@光明日报@国台办发布@国务院公报@健康中国@科技日报@联合国@强国论坛@全国人大@人民日报@人民网@世界卫生组织@央视频@央视新闻@中国新闻社	0
这种事情，家长直接报警等警方调查结果不就行了。。自己进去除了哭闹能解决什么问题呢	0
除了会说我不知道以外还会啥	0
这他妈有没有天理了？？？？学校就这个态度？？要求追求学校的刑事责任	2
任何孩子都不会选择在母亲节那天离开母亲	1
人命如蝼蚁，随便就能过去了吗？	3
校方和家长接触想干什么，威胁还是别的	0
明显有问题	1
感谢媒体报道！为老百姓发声！	0
这是逃避删监控就可以解决的事！孩子怎么去世的，家长连知道的权利都没有！！控诉！！！	2
请四十九中，学一学大连东方瑞吉欧幼儿园的做法！	0
这是花了多少钱啊，警察局，教育局都买通了，关系得多硬啊。	1
每年花几十万买监控设备，建设机房。到关键时刻都不能查看。建议对责任人严惩。	0
直接拉去殡仪馆？他们啥子资格？细品	1
热搜冲起来啊	0
“校方已和家长进行接触，具体情况不清楚……”	0
警方结果已经出来了，滴水不漏	0
每一次出事，摄像头就坏了	0
侠以武犯禁	0
终于看到个还可以的新闻账号了	0
给我上热度	0
这是得多黑暗啊	3
如果连教育系统都腐烂了那么这个国家也就没有什么希望了	3
监控	0
学校问题真的大	1
请求国家出面调查真相	0
现在视频也有假的，没准现在那边正在紧张的修改视频文件数据	0
！！！！！	0
保持清醒，请求还原真相，不要被牵着鼻子走????	0
不给看监控就很有问题	1
显然就是权势太大，欺压平民，才有的这么多人想知道真相～	3
谁家孩子不是自己的宝	0
需要一个家长组成的社会组织监管这些学校。	0
疑点重重	1
真相永远被利益掩盖	1
冷冰冰的申明，就想问警察去哪里了？谁给了教育局甩锅的权力？真是给成都人民丢脸	1
什么都不知道，枉为人	1
这个学校真的很烂！	1
你们太不了解这个国家了都是特权阶层老百姓算个毛	3
看到孩子的遗体了吗？节哀真相会大白天下的	1
啥都不知道，你当老师有毛用	1
支持母亲！看监控！！！找真相	0
孩子真的可怜，期待真相	1
为什么不让人家进学校，不让人家见最后一面。	0
感觉这件事又要不了了之了	0
校训看着好讽刺！好刺眼！天理难容，给社会一个真相！	2
建议监控坏了丢失直接学校全责我就不信监控还能坏或者丢失	0
小人物的人生，可不就是泡沫嘛，胳膊啥时候才能拧过大腿	1
太残忍了	1
到底为啥啊？	0
@Yingying坨	0
2021年了没监控？？？	0
既然这样天天在学校门口烧纸	0
必须给孩子父母一个交代！！！还原监控全过程！！！	2
看到这个新闻很难受，希望孩子妈妈不要太伤心，照顾好自己	1
事发监控缺失，这种事就没有监控好用过，缺你妈了个#→_→n%	1
顶一个不让热度退散	0
没有什么公道，只有权力和钱，不信走着瞧。空气都充满了污浊，每个角落都布满了黑色。大家都自求多福，别摊上事吧！儿子没了，没办法了，祝愿他们能走出来，继续努力的活着！	1
官官相护之类的事情真的要整治一下了	1
媒体都不敢发生，在这个信息时代，生命如此渺茫，如此飘零……	3
简直就是草菅人命。一条人命这么好糊弄的吗！地方、学校到底有多大能耐，要一手遮天！！！！	3
品学兼优的孩子，会突然自杀？这学校哄二傻子呢？	1
媒体的作用	0
结合成都大学毛书记跳楼事件，基本可以坐实了?成都教育体系的保护伞根深蒂固，无可撼动	1
为什么不给看监控，为什么不让家长看孩子遗体，为什么拒绝家长进学校，为什么学校没有任何人安抚家长，明明要是孩子自杀，监控拿出来，不就真相大白，简单的事情为什么要复杂化，没有问题就直接公布啊？现在所有事情遮遮掩掩很难让人不怀疑，坐等国家给个调查结果	1
不信谣，不传谣，亲身经历过49中的老师，校长确实是很负责的，学校也是一个很积极向上的集体，瑕不掩瑜，清者自清，浊者自浊嘛！孩子离世的确让人痛心，不过也只是小概率事件，理解家长的心情，但是也不能由此抹杀整个学校老师对孩子辛勤的付出，逝者已逝，好好处理问题，没必要太激烈了！	0
有没有黑客兄弟帮帮这个可怜的阿姨	1
学校是不是要威胁家长在成都混不下去了	1
公布监控视频！	0
一个孩子没了，还是在母亲节这天跟妈妈说完节日快乐之后，还是在教师办公室，你一句坠楼就完了吗？我们外人都接受不了！	1
作为学校出来做代表回应该事件负责人问你啥你都说不知道那请问拿你来搞啥用	1
学校监控不是应该和属地公安机关联网吗，视频到底是根本没有还是拒绝给家长看呢	0
中央巡视组成都联系电话028-63099826	0
这种事情每次发生都是这样！只能靠网络发酵才重视起来！早干嘛去了！对于守法的老百姓也太不公平了！！！	2
这件事慢慢发酵之后感觉就会变了味儿	0
人家养这么大的孩子在学校说没就没了还不让看监控进校门声明还不是警方发的声明说没猫腻骗谁呢	1
六点多坠楼，八点多120才来，请问这两个多小时在干嘛？监控被删，前期更是不让父母进学校，请问这是在遮掩什么？还警告同学不准说相关事情，更是私自处理孩子遗体，@成都49中你们到底做了什么呢？	1
这是疫情期间那个说了很好开学辞的学校吗	0
我们皆是蝼蚁，只有帮忙转发宣传	3
学校不通知父母直接把人火葬为什么不解释原因	0
有关部门呢？虽然排除了刑事责任但是他为什么跳楼学校的责任呢？真相是什么？一条生命竟可以如此冷漠的对待？难道要让一个母亲再去走极端吗？	2
谁能帮帮这位母亲？@人民日报	1
政府联合调查组已经有结论了，还闹？	1
在cizxzz	0
为什么监控不让看？怕什么	1
@控诉天职师大#中纪委监察部##天津爆料#//@李淳风・:就是问为什么监控到关键时候就没有了	0
请还当事人一个真相	0
学校有责任，监控没有全覆盖	0
高价悬赏征集证据，会有正义的人出来的。	0
凡关键地方出现问题的必有问题，骗傻子呢？不管你信不信，反正我信了，摄像头就是出问题了。	1
哎！最后还是会被和谐掉。想想孩子父母该有多痛，多无助!	1
//@我就想遁地:该联系全班集体发声，诉说真相！几十名学生的未来重要，还是学校高层的官职重要？这才是让真相浮出水面的筹码！讲出真相，是让这些孩子相信集体的正义终将战胜黑暗。如果他们不诉说出来，那他们的一生终将被黑暗影响。//@头条新闻:坠亡时到底发生了什么？>>O中学生从楼道坠落死亡唯独事发那一段没监控	0
上热搜上热搜	0
一出事就有各种各样的理由！越捂越说不清！！！	1
我猜能查到一大条利益链，相信这个社会还是公正，法治的，期待调查结果，给其家长一个说法。	0
已知情报：化学老师，万丽霞。教学楼！	0
我想起来，之前广东还是深圳也有个不明不白的....	0
普通老百姓永远搞不过大单位	3
我不知道??♀?真牛	1
这种时候监控通常都会缺失，不然就是坏了！历史总是惊人的相似！文明！文明！我不骂人……我不骂人！！！	1
可别沉，这个学校可能在等风头过	0
期待四川多传来好消息。	0
别以为这种事不关自己高高挂起，当有一天发生在身边的时候，想象一下得有多绝望！	1
欲盖弥彰，人性的泯灭？	1
#成都49中#1.监控是否有恢复的技术支撑？2.公安机关是否已提请法医尸检？3.被校方勒令三缄其口的孩子，沉默的代价到底是什么？教育不是要教出完整的人？！！！！！！！！！???	2
又是企图瞒豹蒙混过关，一般这种捂盖子的行为没闹大还会不了了之，闹大了就反噬加倍	1
天网恢恢，疏而不漏，相信真相会浮出水面的。	0
等真相，但其实我觉得最可怕的是…居然一个四十九中发声的同学都没有	1
烦请捍卫一下人民心中社会主义的样子	0
为啥被盖住了	0
校园问题关乎大计，请速还孩子妈妈一个真相，还社会一个公正，让孩子体面离开！@紫光阁@人民日报@人民网@央视新闻	0
你终于发了	0
什么都不知道就赶紧滚回家吧	2
成都大学书记自杀，中学孩子自杀，地铁客流不足罚工作人员，景立ktv，成都这地方改好好查查，先从教育系统查，别一出事就买热搜，这次又买了了杜鹃花的热搜！	0
为什么不让家长进入学校？这是直系亲属好么？？？？最有资格知道发生了什么事的应该是他们吧！！！！	2
跟家长沟通了吗？沟通了。怎么沟通的？这个不知道。说了个P。。	2
在别的地方看到这样的评论:“我看到了，我想高考”“化学老师，知行楼”	0
这个学校好黑呀！连摄像头都照不到！	2
如果不是上了头条真的刷不到	0
支持头条新闻	0
真的是官大不得了	1
等后续#成都49中##成都四十九中回应学生在校高坠离世#	0
希望知道真相的同学打印个A4把事情偷偷告知家长一下吧。。起码有个念想。	0
监控果然坏得及时	0
我就晓得摄像头会烂，而且刚好那个时间	0
估计是有关学校的某位领导老师吧，或者校长？谋杀的多～	1
为什么每次出事监控都那么刚好有问题，要么缺失要么坏掉？现阶段的三大怪事，一是监控缺失，二是精神病患者，三是志愿者临时工	1
意难平。。。这件事情估计也会不了了之。这一家人算毁了	1
民心难安，今天我们刚上了五四青年的班会，才让我觉得这世界真以青年为强，可是又看到这件事，我已经感觉社会并不安全了，我内心悲痛又害怕。	3
以后所有学校，医院等公共场所监控视频都设两个视频收集点，一个在本单位，一个在当地公安局。	0
。。。。。要不和危险品运输同等条件？实时监控直接上报上面吧！毕竟学校首先就不为人师表！他妈怎么教这些学生！！！！怎么配！？	2
头条还是有良心的，关注你了，希望正义能早日来到!	1
我也是位母亲，看到这种事情真的太难受了，孩子的爸妈咋受得了，死的心都有	1
必须严肃处理把后面的脏东西都弄出来	0
"人家的孩子没了,校方第一时间考虑的是自己的利益而不是安慰家属协助探究真相,这种社会风气必须要及时而坚决的予以扭转,严肃处理校长"	0
期待真相浮出水面	0
所以到底谁来监管？教育局？警察？还是哪里？人命都可以如此无视	1
等一手官方警情通报	0
真的看得我好生气	2
妈妈得多伤心	1
@胡春亮甘肃总代理:校方面如此应对可说是辱了斯文吧一没担当二来就是想自保甩锅三呢估计应对的招数都想好了想来是极坏的以后在这样的学校能教出品行端正还是能教出担当？	1
监控为什么看不到	0
别最后又说孩子自己写个遗书压力大什么的	0
气死人了，谋杀吧	2
建议以后学校里出事，举证责任倒置	0
天呐，高二，他父母怎么过得去？必须给公道出来	1
为啥子每次这种事情，就能那么凑巧的事发段的监控就坏掉了？？？？！！！！当真是吗！！！！！！	2
啥都不知道哈哈哈你笑死个人赶紧godie去吧	2
一问三不知，拒让学生家长进校，监控毁掉，封学生的口，这些操作倒是一气呵成	0
出生率断崖式下降，是有原因的。	0
问什么都不知道你知道泥?呢那	0
太无语了一定要真相大白	1
搞笑呢，这个热度怎么越来越低了？开玩笑吧！人命关天大事	1
一定要出查清事实真相	0
其他家长还放心给孩子在这个学校读书吗，大家都转学吧。学校门口那八个字是多么的讽刺！！！	1
学校到底在干什么，在保护谁	0
这些都能控制，真的是无饿不做，那什么让老百姓	0
真的黑暗，当官真好	3
监控为什么老在关键时刻缺失？。。可真智能啊	1
这么严重的事不给出个说法不能算完吧	1
我不想到现在这个年代了，还看到这么多不公平出现在校园@人民日报痛心！	1
监控什么牌子的？这么智能	0
等一个公正的处理	0
这样的学校以后还有人敢去？？不负责任	1
肯定有猫腻	1
感觉可能明天就看不到这则新闻了	0
学校必须得给这位母亲一个交代！	0
不是扫黑除恶吗	0
终于热搜了???	1
全班集体发声，诉说真相！几十名学生的未来重要，还是学校高层的官职重要？这才是让真相浮出水面的筹码！讲出真相，是让这些孩子相信集体的正义终将战胜黑暗。如果他们不诉说出来，那他们的一生终将被黑暗影响。	2
学校为什么不能第一时间把现场情况真实说明？隐藏什么？	1
#成都四十九中回应学生在校高坠离世#确定是接触，不是明里暗里的威胁+示威吗？先把监控恢复吧	1
一问三不知，不管问什么，就一句：我不知道。请问有没有知道的人，学校没人了吗	1
快点发酵要不然家人完全没办法了	0
@共青团中央@紫光阁@中国政府网@国务院公报@光明日报@国台办发布@国务院公报@健康中国@科技日报@联合国@强国论坛@全国人大@人民日报@人民网@世界卫生组织@央视频@央视新闻@中国新闻社@中国政府网@中国青年报@中国之声@胡锡进@环球网监控[/cp]	0
顶上去上去	0
为什么发生这种事学校都只会捂？不知道越捂名声越差吗？	1
监控坏掉，不让同学发声，不让家长接触。就凭这些学校就该负全责。	0
你不知道接受个鸡儿采访	2
一问三不知真想撕烂他的嘴	2
我不知道，这个我不知道，我什么都不知道……	1
建议学校的监控做成云端集中管理，就像交通上的监控一样	0
无法承受这样的新闻	1
监控出事的时候总是坏的	0
但凡出事，监控必坏	1
为什么就突然人没了？怎么会突然掉下去的	1
那天监控坏了！	0
突然想起前几年的广州十三行坠楼事件是不是也是没下文了	0
校长孩子一定别让死者家属开车去接	0
必须严查还家属一个公道！！n	2
学校都能这么黑暗，看来打黑除恶除掉的只是小部分。真的希望普通老百姓能被公平对待，不被黑势力压倒	3
真尼玛的离谱，热搜在一点一点的下降，甚至没有官方出来表明一下态度	2
监控怎么刚好出事故那段就没有！	0
普通百姓，遇到这样的事，找个说理的都没有	3
好样的，刚刚在那个妈妈那里看到有一群人@你，你这边就转发了，正能量嗷	0
所以监控到底有什么用？？一出事就丢失、损坏找不到！！	1
学校的监控到底应该怎样管才能保证不被人为删除？教育局或是警局能否实时备份学校的所有监控？以防放生事故时学校推卸责任？	1
学校门口写着“求真求实，至善至美”简直是莫大的讽刺	1
关键时刻监控丢失，不是专业人员根本操作不了。普通人一般只能硬盘格式化，全部删除。	0
//@我有一个-小毛驴:好可怕、好黑暗的感觉、现在的媒体除非的闹大了、不然都没有敢出头的	3
打黑除恶三年还没有过呢！监控妈的难道就会这样如此“选择性”的视频消失或删除吗？	1
咱媒体更多关注的是在美国黑人的命也是命。	0
简直现实版“吃人”！	1
求真相，不想听官话	0
隔壁人民二流报装死还直播	1
如果破案靠微博，唉，，，	1
为什么唯独事发那一段的监控没了，这不奇怪？这到底在隐藏什么大家都猜的到吧。	1
应该是意外他杀，杀人者有大背景，给学校好处，想把事情压下去	0
彻查，严厉！	0
这是个啥态度啊，回避问题	1
不清楚？？	1
魔幻的法制社会	3
这学校的处理态度也真是够无语了	1
现在出了事都要靠微博，可怜	1
想用不知道敷衍了事	1
扫黑除恶先把这个学校端了吧	2
摄像头还是很有觉悟的，	0
什么都不知道还沟通个屁啊	2
感谢头条！！	0
摄像头又坏了？	0
不做亏心事，为什么不让家长进门看孩子	1
隐秘的角落	0
终于发啦！	0
天哪终于	0
就非得闹了才和伤者家属接触呗这是在鼓励以闹分配	0
微博志国平天下	0
就问为什么那段监控缺失了?	0
每次不曝光，不办事，这么大的事，唉	1
你终于转发了	0
棒棒刚看到喊你出来干活	0
都几天了才接触，说没猫腻我都不信了	1
超级可怕，学校开始还不让看监控，什么意思？后面唯独就那一段无监控！！不怪我阴谋论，这绝对有问题。	1
终于发声了	0
学校一手遮天	3
严惩删除监控视频的人	1
渣浪，别天天收钱?降热搜，祖国的花朵需要守护，需要真相，少年强则国强，不要让祖国的花朵被社会的腐败畸形给腐蚀。渣浪，做点人事吧。	2
学校又不给看监控，教育部干啥吃的？？？	2
终于有媒体敢报道了。希望能给家属一个公道。	0
作为一名母亲，看到孩子的照片，我都心疼不以，应该严查。	1
一般关键时刻监控都是坏的	0
1.监控丢失，无论什么原因都无法接受！2.遗体不让看，于情于理都说不过去！3.遗体如果不在学校，不让家长进学校可能是考虑到对校内学生和教学秩序的影响。4.目前为止除了学校的简短声明，信息都是从家长微博来的，希望公安机关尽快给出官方通报，平息猜疑。5.非常同情家长此时的心情，希望节哀。	1
想起我们以前的高中也有位学姐在一次月考中用手机结果被老师批评，然后跳楼了，跳下来人就没了直接被学校拉到殡仪馆了。我们学校也不准我们说，当时封锁了好长时间的消息，然后说死者家属在校门口守着，怕他们对学生做出伤害性的举动然后每次都派老师互送我们出校门不让我们跟死者家属接触。仅供参考。	1
好好查清楚吧给个真相	0
划重点禁止家长入校，拒绝查看监控	0
这样处理是更大悲剧的前奏！	1
以前我在网吧被一群人打了，报警来了人，警察要求看录像，结果网吧老板说，刚好没开！后来我才知道，打我的人里面有“协警”	1
天黑了	3
真相就是，领导推下去的，要不他咋不敢说	1
